hour,pv_kw_per_kwp,ghi_kw_m2,temp_c
1,0.0000,0.0000,11.6110
2,0.0000,0.0000,10.9720
3,0.0000,0.0000,10.6580
4,0.0000,0.0000,10.5210
5,0.0000,0.0000,10.2590
6,0.0000,0.0000,9.8550
7,0.0000,0.0000,9.5170
8,0.0700,0.0960,10.0910
9,0.3300,0.3790,14.3810
10,0.5380,0.6440,18.1250
11,0.6770,0.8470,20.6980
12,0.7530,0.9740,22.5170
13,0.7780,1.0220,23.7560
14,0.7540,0.9880,24.4450
15,0.6770,0.8690,24.6240
16,0.5450,0.6750,24.3290
17,0.3580,0.4300,23.3460
18,0.0970,0.1290,20.0510
19,0.0000,0.0000,16.7650
20,0.0000,0.0000,15.5840
21,0.0000,0.0000,14.6250
22,0.0000,0.0000,14.1910
23,0.0000,0.0000,13.0450
24,0.0000,0.0000,12.2470
25,0.0000,0.0000,11.5210
26,0.0000,0.0000,10.8770
27,0.0000,0.0000,10.5990
28,0.0000,0.0000,10.0570
29,0.0000,0.0000,9.3960
30,0.0000,0.0000,9.2590
31,0.0000,0.0000,9.1780
32,0.0890,0.1140,10.0090
33,0.3470,0.3980,14.2180
34,0.5430,0.6470,17.5640
35,0.6750,0.8420,20.1610
36,0.7470,0.9620,21.9910
37,0.7510,0.9740,23.1150
38,0.6970,0.8930,23.6180
39,0.5920,0.7380,23.5900
40,0.4470,0.5410,23.1550
41,0.3150,0.3770,22.4110
42,0.1220,0.1550,19.6230
43,0.0000,0.0000,15.9920
44,0.0000,0.0000,15.2520
45,0.0000,0.0000,14.7430
46,0.0000,0.0000,14.3500
47,0.0000,0.0000,13.8020
48,0.0000,0.0000,12.8170
49,0.0000,0.0000,12.0450
50,0.0000,0.0000,11.4380
51,0.0000,0.0000,10.8590
52,0.0000,0.0000,10.3580
53,0.0000,0.0000,10.0540
54,0.0000,0.0000,9.8570
55,0.0000,0.0000,9.7680
56,0.0210,0.0420,10.3830
57,0.1730,0.2050,13.5510
58,0.3980,0.4630,16.6780
59,0.5690,0.6890,19.6050
60,0.6720,0.8460,21.8020
61,0.7230,0.9310,23.3330
62,0.7130,0.9200,24.1950
63,0.6420,0.8140,24.3970
64,0.5220,0.6430,24.0330
65,0.3280,0.3930,22.8600
66,0.0850,0.1150,19.4910
67,0.0000,0.0000,15.9120
68,0.0000,0.0000,15.6290
69,0.0000,0.0000,15.5820
70,0.0000,0.0000,15.0120
71,0.0000,0.0000,13.9890
72,0.0000,0.0000,13.1220
73,0.0000,0.0000,12.3570
74,0.0000,0.0000,11.6410
75,0.0000,0.0000,11.1170
76,0.0000,0.0000,10.6860
77,0.0000,0.0000,10.2540
78,0.0000,0.0000,9.8450
79,0.0000,0.0000,9.6550
80,0.0390,0.0610,10.4730
81,0.2510,0.2910,14.2040
82,0.4950,0.5850,17.5640
83,0.6520,0.8100,20.4710
84,0.7330,0.9430,22.4040
85,0.7590,0.9920,23.6620
86,0.7320,0.9510,24.3130
87,0.6350,0.8030,24.3380
88,0.4530,0.5500,23.7830
89,0.2230,0.2710,22.5750
90,0.0450,0.0710,19.6170
91,0.0000,0.0000,17.1130
92,0.0000,0.0000,16.7380
93,0.0000,0.0000,15.9060
94,0.0000,0.0000,15.1150
95,0.0000,0.0000,13.9410
96,0.0000,0.0000,12.9790
97,0.0000,0.0000,12.5930
98,0.0000,0.0000,12.1940
99,0.0000,0.0000,11.8840
100,0.0000,0.0000,11.7580
101,0.0000,0.0000,11.5120
102,0.0000,0.0000,11.1320
103,0.0000,0.0000,10.7490
104,0.0620,0.0870,11.2230
105,0.2970,0.3440,15.0330
106,0.4930,0.5860,18.5070
107,0.6200,0.7670,21.2510
108,0.6840,0.8700,23.0040
109,0.6910,0.8850,24.1360
110,0.6570,0.8380,24.7580
111,0.5800,0.7250,24.8670
112,0.4150,0.5040,24.5010
113,0.2150,0.2620,23.4920
114,0.0500,0.0770,20.7090
115,0.0000,0.0000,17.9080
116,0.0000,0.0000,17.4450
117,0.0000,0.0000,16.8670
118,0.0000,0.0000,16.0670
119,0.0000,0.0000,15.1670
120,0.0000,0.0000,14.2770
121,0.0000,0.0000,13.5030
122,0.0000,0.0000,12.8500
123,0.0000,0.0000,12.2270
124,0.0000,0.0000,11.7640
125,0.0000,0.0000,11.3460
126,0.0000,0.0000,10.7740
127,0.0000,0.0000,10.2120
128,0.0670,0.0920,10.6640
129,0.3120,0.3610,14.9400
130,0.5120,0.6100,18.6580
131,0.6460,0.8070,21.6190
132,0.7230,0.9330,23.7180
133,0.7430,0.9750,25.1550
134,0.7200,0.9420,25.9900
135,0.6440,0.8260,26.1960
136,0.4880,0.6030,25.7800
137,0.3010,0.3640,24.7050
138,0.0890,0.1200,21.8420
139,0.0000,0.0000,18.1700
140,0.0000,0.0000,16.4910
141,0.0000,0.0000,15.7300
142,0.0000,0.0000,15.3860
143,0.0000,0.0000,14.7620
144,0.0000,0.0000,13.8910
145,0.0000,0.0000,13.1380
146,0.0000,0.0000,12.3930
147,0.0000,0.0000,11.7520
148,0.0000,0.0000,11.2300
149,0.0000,0.0000,10.7530
150,0.0000,0.0000,10.1350
151,0.0000,0.0000,9.4650
152,0.0780,0.1030,9.8490
153,0.3370,0.3880,14.7000
154,0.5380,0.6470,18.9710
155,0.6720,0.8480,22.2190
156,0.7490,0.9790,24.4020
157,0.7740,1.0310,25.9380
158,0.7490,0.9950,26.8640
159,0.6750,0.8780,27.1220
160,0.5480,0.6890,26.7420
161,0.3620,0.4390,25.4280
162,0.1160,0.1500,21.4140
163,0.0000,0.0000,17.5840
164,0.0000,0.0000,16.6760
165,0.0000,0.0000,15.3090
166,0.0000,0.0000,13.8030
167,0.0000,0.0000,12.5660
168,0.0000,0.0000,11.6350
169,0.0000,0.0000,11.3650
170,0.0000,0.0000,11.5830
171,0.0000,0.0000,11.2320
172,0.0000,0.0000,10.2730
173,0.0000,0.0000,9.5460
174,0.0000,0.0000,8.9820
175,0.0000,0.0000,8.5300
176,0.0840,0.1090,8.8270
177,0.3490,0.3980,12.5130
178,0.5500,0.6540,16.6330
179,0.6840,0.8560,20.1920
180,0.7610,0.9870,22.3970
181,0.7850,1.0360,23.9280
182,0.7590,0.9990,24.8280
183,0.6860,0.8840,25.0590
184,0.5600,0.6970,24.7960
185,0.3710,0.4470,23.7480
186,0.1230,0.1580,20.2260
187,0.0000,0.0000,16.0680
188,0.0000,0.0000,14.5030
189,0.0000,0.0000,13.4880
190,0.0000,0.0000,12.2010
191,0.0000,0.0000,11.0030
192,0.0000,0.0000,9.8300
193,0.0000,0.0000,8.7020
194,0.0000,0.0000,7.8210
195,0.0000,0.0000,7.2690
196,0.0000,0.0000,6.6790
197,0.0000,0.0000,6.2850
198,0.0000,0.0000,5.9580
199,0.0000,0.0000,5.6680
200,0.0980,0.1230,6.7100
201,0.3680,0.4150,10.8090
202,0.5620,0.6660,15.5770
203,0.6910,0.8590,18.9320
204,0.7650,0.9830,20.8710
205,0.7880,1.0290,22.1520
206,0.7630,0.9920,22.8390
207,0.6890,0.8770,22.9350
208,0.5600,0.6890,22.6510
209,0.3730,0.4450,21.7980
210,0.1270,0.1610,19.3380
211,0.0000,0.0000,15.8740
212,0.0000,0.0000,13.8630
213,0.0000,0.0000,12.4140
214,0.0000,0.0000,11.7340
215,0.0000,0.0000,10.7400
216,0.0000,0.0000,9.5270
217,0.0000,0.0000,8.6710
218,0.0000,0.0000,8.1940
219,0.0000,0.0000,7.8540
220,0.0000,0.0000,7.4830
221,0.0000,0.0000,7.1640
222,0.0000,0.0000,6.9190
223,0.0000,0.0000,6.6790
224,0.0750,0.0990,7.5040
225,0.3470,0.3930,11.2260
226,0.5440,0.6430,15.9490
227,0.6770,0.8380,18.8640
228,0.7540,0.9650,20.6800
229,0.7790,1.0120,21.9340
230,0.7550,0.9780,22.5910
231,0.6800,0.8620,22.6510
232,0.5460,0.6690,22.2660
233,0.3430,0.4080,21.3160
234,0.1080,0.1390,19.0080
235,0.0000,0.0000,15.4460
236,0.0000,0.0000,14.5520
237,0.0000,0.0000,13.9880
238,0.0000,0.0000,12.9940
239,0.0000,0.0000,11.8380
240,0.0000,0.0000,10.7950
241,0.0000,0.0000,9.9810
242,0.0000,0.0000,9.4240
243,0.0000,0.0000,9.0240
244,0.0000,0.0000,8.7690
245,0.0000,0.0000,8.6460
246,0.0000,0.0000,8.6230
247,0.0000,0.0000,8.6690
248,0.0840,0.1100,9.6010
249,0.3390,0.3890,13.9490
250,0.5340,0.6350,17.6880
251,0.6660,0.8300,20.4790
252,0.7420,0.9570,22.3560
253,0.7680,1.0060,23.5410
254,0.7460,0.9730,24.1200
255,0.6740,0.8600,24.0860
256,0.5480,0.6760,23.5000
257,0.3570,0.4270,22.3600
258,0.1150,0.1480,19.7360
259,0.0000,0.0000,15.5460
260,0.0000,0.0000,14.4150
261,0.0000,0.0000,13.8890
262,0.0000,0.0000,13.5230
263,0.0000,0.0000,13.0750
264,0.0000,0.0000,12.5660
265,0.0000,0.0000,12.0660
266,0.0000,0.0000,11.6160
267,0.0000,0.0000,11.0610
268,0.0000,0.0000,10.3670
269,0.0000,0.0000,9.6470
270,0.0000,0.0000,9.1340
271,0.0000,0.0000,8.8150
272,0.0590,0.0840,9.7560
273,0.2870,0.3310,14.2070
274,0.4970,0.5900,17.8680
275,0.6250,0.7710,20.4060
276,0.6750,0.8510,22.0120
277,0.6970,0.8890,23.0740
278,0.6120,0.7640,23.3180
279,0.5370,0.6590,23.1370
280,0.3320,0.3960,22.1930
281,0.1820,0.2220,21.0190
282,0.0330,0.0580,19.1050
283,0.0000,0.0000,16.9770
284,0.0000,0.0000,16.2870
285,0.0000,0.0000,15.5850
286,0.0000,0.0000,14.9720
287,0.0000,0.0000,14.4680
288,0.0000,0.0000,14.0270
289,0.0000,0.0000,13.5720
290,0.0000,0.0000,13.1860
291,0.0000,0.0000,12.8390
292,0.0000,0.0000,12.5550
293,0.0000,0.0000,12.2730
294,0.0000,0.0000,11.9190
295,0.0000,0.0000,11.6160
296,0.0120,0.0320,11.9040
297,0.1200,0.1500,13.3420
298,0.2950,0.3420,15.2500
299,0.4150,0.4860,17.4500
300,0.4670,0.5530,18.9210
301,0.4870,0.5820,19.8770
302,0.4560,0.5440,20.3270
303,0.4060,0.4820,20.3580
304,0.3120,0.3700,20.0720
305,0.1580,0.1950,19.2960
306,0.0310,0.0550,17.8780
307,0.0000,0.0000,16.5050
308,0.0000,0.0000,15.7700
309,0.0000,0.0000,14.6770
310,0.0000,0.0000,13.7100
311,0.0000,0.0000,12.9680
312,0.0000,0.0000,12.3490
313,0.0000,0.0000,11.7510
314,0.0000,0.0000,11.3850
315,0.0000,0.0000,10.9810
316,0.0000,0.0000,10.6170
317,0.0000,0.0000,10.3050
318,0.0000,0.0000,9.9660
319,0.0000,0.0000,9.6610
320,0.0300,0.0520,10.1960
321,0.1650,0.1960,12.8160
322,0.3160,0.3660,15.5760
323,0.4640,0.5470,18.1520
324,0.5640,0.6840,20.1130
325,0.5720,0.7010,21.4040
326,0.5070,0.6150,21.9430
327,0.4190,0.5020,21.9420
328,0.2970,0.3540,21.6500
329,0.1590,0.1970,20.9380
330,0.0370,0.0620,18.7380
331,0.0000,0.0000,15.7260
332,0.0000,0.0000,14.4850
333,0.0000,0.0000,13.5570
334,0.0000,0.0000,12.7820
335,0.0000,0.0000,12.0790
336,0.0000,0.0000,11.2690
337,0.0000,0.0000,10.5350
338,0.0000,0.0000,9.8000
339,0.0000,0.0000,9.1620
340,0.0000,0.0000,8.7310
341,0.0000,0.0000,8.2930
342,0.0000,0.0000,8.0210
343,0.0000,0.0000,7.8130
344,0.0380,0.0610,8.6880
345,0.2320,0.2680,12.1520
346,0.4470,0.5210,15.8870
347,0.6250,0.7620,18.7240
348,0.7360,0.9380,20.9820
349,0.7540,0.9760,22.5210
350,0.7190,0.9250,23.2930
351,0.6350,0.7990,23.3610
352,0.5020,0.6120,22.9460
353,0.3000,0.3590,21.9430
354,0.0850,0.1150,19.5480
355,0.0000,0.0000,16.1690
356,0.0000,0.0000,15.1390
357,0.0000,0.0000,14.3400
358,0.0000,0.0000,13.0990
359,0.0000,0.0000,11.8180
360,0.0000,0.0000,11.1290
361,0.0000,0.0000,10.6230
362,0.0000,0.0000,10.2150
363,0.0000,0.0000,9.9250
364,0.0000,0.0000,9.5900
365,0.0000,0.0000,9.2450
366,0.0000,0.0000,9.0640
367,0.0000,0.0000,8.9630
368,0.0240,0.0440,9.7470
369,0.1840,0.2170,13.2780
370,0.4200,0.4900,16.7520
371,0.5720,0.6930,19.4590
372,0.6360,0.7900,21.2660
373,0.6500,0.8170,22.5170
374,0.6170,0.7720,23.1570
375,0.5020,0.6110,23.0430
376,0.3220,0.3860,22.4000
377,0.1570,0.1940,21.3910
378,0.0350,0.0590,19.1140
379,0.0000,0.0000,16.8100
380,0.0000,0.0000,16.5700
381,0.0000,0.0000,16.0370
382,0.0000,0.0000,15.0430
383,0.0000,0.0000,14.2220
384,0.0000,0.0000,13.5460
385,0.0000,0.0000,12.8130
386,0.0000,0.0000,12.2020
387,0.0000,0.0000,11.8180
388,0.0000,0.0000,11.3070
389,0.0000,0.0000,10.8510
390,0.0000,0.0000,10.6920
391,0.0000,0.0000,10.5050
392,0.0260,0.0480,11.0860
393,0.1720,0.2050,13.8390
394,0.3100,0.3600,16.1110
395,0.3500,0.4100,17.9200
396,0.4380,0.5190,19.6460
397,0.5610,0.6850,21.3150
398,0.5810,0.7170,22.3150
399,0.4920,0.5970,22.4480
400,0.2320,0.2800,21.4050
401,0.1130,0.1460,20.3410
402,0.0310,0.0550,18.7880
403,0.0000,0.0000,16.4840
404,0.0000,0.0000,15.4150
405,0.0000,0.0000,14.7430
406,0.0000,0.0000,14.3290
407,0.0000,0.0000,14.0440
408,0.0000,0.0000,13.5580
409,0.0000,0.0000,13.1270
410,0.0000,0.0000,12.7240
411,0.0000,0.0000,12.2420
412,0.0000,0.0000,11.5880
413,0.0000,0.0000,10.8510
414,0.0000,0.0000,10.2590
415,0.0000,0.0000,10.0110
416,0.0380,0.0610,10.9460
417,0.2330,0.2720,14.2640
418,0.3670,0.4280,16.8820
419,0.4290,0.5070,18.9270
420,0.4690,0.5600,20.3020
421,0.4590,0.5490,21.1750
422,0.4150,0.4960,21.5820
423,0.3460,0.4120,21.6230
424,0.2570,0.3070,21.3440
425,0.1510,0.1880,20.6290
426,0.0420,0.0670,18.5930
427,0.0000,0.0000,15.6740
428,0.0000,0.0000,14.8170
429,0.0000,0.0000,14.3890
430,0.0000,0.0000,14.0090
431,0.0000,0.0000,13.5220
432,0.0000,0.0000,13.1480
433,0.0000,0.0000,12.8780
434,0.0000,0.0000,12.5430
435,0.0000,0.0000,12.2070
436,0.0000,0.0000,11.8980
437,0.0000,0.0000,11.4620
438,0.0000,0.0000,11.0530
439,0.0000,0.0000,10.7850
440,0.0210,0.0410,11.2110
441,0.1390,0.1690,14.0350
442,0.3040,0.3540,17.0810
443,0.5030,0.6030,20.1600
444,0.6040,0.7490,22.3770
445,0.5840,0.7270,23.5930
446,0.5140,0.6320,24.0470
447,0.4330,0.5250,23.9770
448,0.3140,0.3770,23.5040
449,0.1930,0.2360,22.6900
450,0.0550,0.0820,20.1000
451,0.0000,0.0010,16.8430
452,0.0000,0.0000,16.4400
453,0.0000,0.0000,15.5600
454,0.0000,0.0000,14.3420
455,0.0000,0.0000,12.8520
456,0.0000,0.0000,11.9720
457,0.0000,0.0000,11.4940
458,0.0000,0.0000,11.0100
459,0.0000,0.0000,10.4900
460,0.0000,0.0000,9.9920
461,0.0000,0.0000,9.4400
462,0.0000,0.0000,8.8180
463,0.0000,0.0000,8.4790
464,0.0200,0.0390,8.5870
465,0.2380,0.2730,10.9330
466,0.5010,0.5870,15.7100
467,0.6470,0.7980,19.6340
468,0.7090,0.9030,21.9210
469,0.7200,0.9280,23.3770
470,0.6920,0.8880,24.2020
471,0.6330,0.8010,24.5070
472,0.5290,0.6530,24.3830
473,0.3530,0.4230,23.4360
474,0.1160,0.1490,20.5680
475,0.0000,0.0010,16.2590
476,0.0000,0.0000,14.2980
477,0.0000,0.0000,12.5820
478,0.0000,0.0000,10.8600
479,0.0000,0.0000,9.5920
480,0.0000,0.0000,8.7860
481,0.0000,0.0000,8.2030
482,0.0000,0.0000,7.6790
483,0.0000,0.0000,7.0510
484,0.0000,0.0000,6.5610
485,0.0000,0.0000,6.1260
486,0.0000,0.0000,5.7540
487,0.0000,0.0000,5.3420
488,0.1030,0.1280,6.6450
489,0.3810,0.4320,11.8490
490,0.5810,0.6950,16.6460
491,0.7120,0.9010,20.6700
492,0.7870,1.0340,23.0120
493,0.8120,1.0840,24.3360
494,0.7880,1.0470,24.9000
495,0.7110,0.9220,24.8760
496,0.5730,0.7140,24.3590
497,0.3590,0.4310,23.0340
498,0.1040,0.1350,19.1540
499,0.0000,0.0010,14.6440
500,0.0000,0.0000,14.1730
501,0.0000,0.0000,14.2060
502,0.0000,0.0000,13.6010
503,0.0000,0.0000,12.5020
504,0.0000,0.0000,11.1710
505,0.0000,0.0000,10.4370
506,0.0000,0.0000,9.6780
507,0.0000,0.0000,9.1180
508,0.0000,0.0000,8.6390
509,0.0000,0.0000,8.2790
510,0.0000,0.0000,8.0430
511,0.0000,0.0000,7.8720
512,0.0570,0.0800,8.6600
513,0.2800,0.3210,13.0180
514,0.4940,0.5810,16.7670
515,0.6380,0.7870,19.9570
516,0.7270,0.9300,21.9170
517,0.7570,0.9850,23.0760
518,0.7300,0.9450,23.5790
519,0.6240,0.7820,23.4010
520,0.4620,0.5580,22.7550
521,0.2730,0.3260,21.6890
522,0.0780,0.1060,19.1150
523,0.0000,0.0010,15.2390
524,0.0000,0.0000,14.4040
525,0.0000,0.0000,13.8780
526,0.0000,0.0000,13.2310
527,0.0000,0.0000,12.4840
528,0.0000,0.0000,11.7630
529,0.0000,0.0000,11.1790
530,0.0000,0.0000,10.9060
531,0.0000,0.0000,10.6220
532,0.0000,0.0000,10.4060
533,0.0000,0.0000,10.1680
534,0.0000,0.0000,10.1090
535,0.0000,0.0000,9.8170
536,0.0980,0.1250,10.6000
537,0.3550,0.4090,14.8990
538,0.5490,0.6600,18.8000
539,0.6820,0.8570,21.2680
540,0.7560,0.9830,23.1640
541,0.7790,1.0310,24.6020
542,0.7590,1.0030,25.5020
543,0.6850,0.8860,25.7890
544,0.5530,0.6910,25.4280
545,0.3660,0.4420,24.3590
546,0.1270,0.1630,21.4640
547,0.0000,0.0010,17.3820
548,0.0000,0.0000,16.5020
549,0.0000,0.0000,15.4940
550,0.0000,0.0000,14.2650
551,0.0000,0.0000,13.0180
552,0.0000,0.0000,12.6810
553,0.0000,0.0000,11.8640
554,0.0000,0.0000,10.7780
555,0.0000,0.0000,9.9570
556,0.0000,0.0000,9.4830
557,0.0000,0.0000,9.1430
558,0.0000,0.0000,8.8130
559,0.0000,0.0000,8.3920
560,0.1020,0.1290,9.7090
561,0.3600,0.4150,14.4610
562,0.5550,0.6630,17.6380
563,0.6880,0.8600,20.1340
564,0.7640,0.9890,22.1250
565,0.7880,1.0380,23.6740
566,0.7630,1.0050,24.7370
567,0.6890,0.8900,25.2330
568,0.5630,0.7030,25.1270
569,0.3780,0.4570,24.3150
570,0.1370,0.1730,21.5970
571,0.0000,0.0010,16.9900
572,0.0000,0.0000,15.7650
573,0.0000,0.0000,15.1640
574,0.0000,0.0000,15.0110
575,0.0000,0.0000,14.7460
576,0.0000,0.0000,13.1750
577,0.0000,0.0000,11.7590
578,0.0000,0.0000,11.1320
579,0.0000,0.0000,10.4940
580,0.0000,0.0000,9.8780
581,0.0000,0.0000,9.7620
582,0.0000,0.0000,9.9460
583,0.0000,0.0000,10.3790
584,0.1000,0.1280,11.4990
585,0.3560,0.4110,15.1830
586,0.5480,0.6570,18.3400
587,0.6720,0.8410,20.9210
588,0.7470,0.9670,22.8130
589,0.7740,1.0190,24.2100
590,0.7560,0.9970,25.1090
591,0.6840,0.8820,25.4340
592,0.5510,0.6860,25.2050
593,0.3660,0.4420,24.3220
594,0.1280,0.1640,21.6720
595,0.0000,0.0010,16.9950
596,0.0000,0.0000,15.5630
597,0.0000,0.0000,14.6430
598,0.0000,0.0000,13.7750
599,0.0000,0.0000,12.6300
600,0.0000,0.0000,11.5580
601,0.0000,0.0000,10.8100
602,0.0000,0.0000,10.2600
603,0.0000,0.0000,9.8100
604,0.0000,0.0000,9.4090
605,0.0000,0.0000,9.0690
606,0.0000,0.0000,8.8610
607,0.0000,0.0000,8.8030
608,0.0820,0.1080,10.1410
609,0.3210,0.3690,14.3160
610,0.5140,0.6120,17.9060
611,0.6640,0.8280,20.6640
612,0.7450,0.9620,22.6540
613,0.7810,1.0300,24.0750
614,0.7630,1.0050,24.8530
615,0.6910,0.8900,24.9590
616,0.5640,0.7010,24.4700
617,0.3680,0.4420,23.2840
618,0.1220,0.1560,20.8150
619,0.0000,0.0020,16.2080
620,0.0000,0.0000,14.5090
621,0.0000,0.0000,13.5340
622,0.0000,0.0000,12.9790
623,0.0000,0.0000,12.3200
624,0.0000,0.0000,11.7940
625,0.0000,0.0000,11.5340
626,0.0000,0.0000,11.4540
627,0.0000,0.0000,11.1470
628,0.0000,0.0000,10.2520
629,0.0000,0.0000,9.4040
630,0.0000,0.0000,8.5420
631,0.0000,0.0000,8.0670
632,0.0880,0.1140,9.5200
633,0.3320,0.3810,13.5800
634,0.5570,0.6630,16.9750
635,0.6900,0.8600,19.3100
636,0.7700,0.9940,21.1240
637,0.7970,1.0460,22.4980
638,0.7730,1.0130,23.3850
639,0.7000,0.8970,23.6720
640,0.5710,0.7080,23.4700
641,0.3830,0.4590,22.6130
642,0.1380,0.1740,20.2170
643,0.0000,0.0020,15.8090
644,0.0000,0.0000,14.5190
645,0.0000,0.0000,14.2550
646,0.0000,0.0000,13.1480
647,0.0000,0.0000,11.5750
648,0.0000,0.0000,10.6180
649,0.0000,0.0000,9.6590
650,0.0000,0.0000,8.7850
651,0.0000,0.0000,8.5670
652,0.0000,0.0000,8.9210
653,0.0000,0.0000,8.6180
654,0.0000,0.0000,8.1610
655,0.0000,0.0000,7.7920
656,0.0880,0.1130,9.0050
657,0.3370,0.3850,12.8290
658,0.5660,0.6740,16.2900
659,0.7040,0.8780,18.9850
660,0.7800,1.0090,21.1290
661,0.8030,1.0580,22.7670
662,0.7780,1.0230,23.8090
663,0.7040,0.9070,24.2090
664,0.5770,0.7190,23.9160
665,0.3910,0.4700,22.9100
666,0.1460,0.1820,20.5090
667,0.0000,0.0020,15.5730
668,0.0000,0.0000,13.9780
669,0.0000,0.0000,13.1320
670,0.0000,0.0000,12.4020
671,0.0000,0.0000,11.6970
672,0.0000,0.0000,10.9760
673,0.0000,0.0000,10.3820
674,0.0000,0.0000,9.6290
675,0.0000,0.0000,8.4670
676,0.0000,0.0000,7.6860
677,0.0000,0.0000,7.3920
678,0.0000,0.0000,7.1890
679,0.0000,0.0000,6.8540
680,0.1030,0.1280,8.1760
681,0.3650,0.4190,13.5140
682,0.5640,0.6760,17.7020
683,0.6980,0.8780,20.4860
684,0.7730,1.0070,22.4560
685,0.7970,1.0540,23.7130
686,0.7730,1.0180,24.2890
687,0.6990,0.9000,24.2370
688,0.5700,0.7070,23.7150
689,0.3830,0.4600,22.6650
690,0.1390,0.1750,20.2640
691,0.0000,0.0030,15.9000
692,0.0000,0.0000,14.2780
693,0.0000,0.0000,12.9910
694,0.0000,0.0000,12.1800
695,0.0000,0.0000,11.6080
696,0.0000,0.0000,11.2880
697,0.0000,0.0000,10.6040
698,0.0000,0.0000,9.9810
699,0.0000,0.0000,9.2020
700,0.0000,0.0000,8.5530
701,0.0000,0.0000,8.0440
702,0.0000,0.0000,7.5870
703,0.0000,0.0000,7.2510
704,0.0990,0.1250,8.8350
705,0.3450,0.3940,12.9640
706,0.5770,0.6880,16.3040
707,0.7100,0.8880,19.0100
708,0.7860,1.0190,21.1320
709,0.8100,1.0680,22.7170
710,0.7850,1.0340,23.7470
711,0.7110,0.9170,24.1130
712,0.5830,0.7260,23.7720
713,0.3970,0.4770,22.7380
714,0.1520,0.1890,20.2250
715,0.0000,0.0030,15.0160
716,0.0000,0.0000,13.4810
717,0.0000,0.0000,12.9870
718,0.0000,0.0000,12.6560
719,0.0000,0.0000,11.8230
720,0.0000,0.0000,10.9330
721,0.0000,0.0000,10.4300
722,0.0000,0.0000,10.0000
723,0.0000,0.0000,9.4700
724,0.0000,0.0000,9.3900
725,0.0000,0.0000,9.0180
726,0.0000,0.0000,8.7110
727,0.0000,0.0000,8.3790
728,0.1090,0.1360,9.4250
729,0.3620,0.4150,13.7350
730,0.5700,0.6840,17.6500
731,0.7000,0.8800,20.3780
732,0.7750,1.0090,22.3490
733,0.8030,1.0640,23.7360
734,0.7790,1.0300,24.5200
735,0.7090,0.9170,24.6770
736,0.5830,0.7280,24.2460
737,0.3990,0.4790,23.1570
738,0.1540,0.1920,20.7480
739,0.0000,0.0030,15.6270
740,0.0000,0.0000,13.8080
741,0.0000,0.0000,12.7800
742,0.0000,0.0000,11.9730
743,0.0000,0.0000,11.6100
744,0.0000,0.0000,11.2170
745,0.0000,0.0000,10.6620
746,0.0000,0.0000,10.1990
747,0.0000,0.0000,9.9330
748,0.0000,0.0000,9.4080
749,0.0000,0.0000,8.8420
750,0.0000,0.0000,8.1320
751,0.0000,0.0000,7.5700
752,0.1120,0.1390,8.9000
753,0.3560,0.4070,13.3980
754,0.5410,0.6430,17.2040
755,0.5840,0.7120,19.8290
756,0.5500,0.6710,21.2260
757,0.5400,0.6600,22.1650
758,0.4120,0.4940,22.2500
759,0.3270,0.3910,22.0200
760,0.2920,0.3480,21.9190
761,0.2550,0.3060,21.6210
762,0.1230,0.1570,19.4910
763,0.0000,0.0030,14.4050
764,0.0000,0.0000,12.9380
765,0.0000,0.0000,12.5130
766,0.0000,0.0000,12.1900
767,0.0000,0.0000,11.7880
768,0.0000,0.0000,11.2990
769,0.0000,0.0000,10.7780
770,0.0000,0.0000,10.2690
771,0.0000,0.0000,9.7580
772,0.0000,0.0000,9.4120
773,0.0000,0.0000,9.1650
774,0.0000,0.0000,8.8030
775,0.0000,0.0000,8.4960
776,0.1150,0.1420,9.7090
777,0.3670,0.4210,13.9000
778,0.5610,0.6730,17.7730
779,0.6880,0.8640,20.6800
780,0.7660,0.9970,22.6640
781,0.7920,1.0490,24.1940
782,0.7440,0.9750,25.0580
783,0.6470,0.8250,25.2110
784,0.5110,0.6310,24.9040
785,0.3320,0.4000,24.0140
786,0.1090,0.1420,21.3950
787,0.0000,0.0030,16.9020
788,0.0000,0.0000,15.7720
789,0.0000,0.0000,15.5210
790,0.0000,0.0000,15.2500
791,0.0000,0.0000,14.6580
792,0.0000,0.0000,13.8620
793,0.0000,0.0000,12.8400
794,0.0000,0.0000,12.0400
795,0.0000,0.0000,11.3760
796,0.0000,0.0000,10.8620
797,0.0000,0.0000,10.5260
798,0.0000,0.0000,10.2260
799,0.0000,0.0000,9.8040
800,0.1110,0.1390,10.8560
801,0.3700,0.4260,14.9900
802,0.5590,0.6730,18.7970
803,0.6900,0.8720,21.7980
804,0.7660,1.0030,23.6580
805,0.7920,1.0550,25.0010
806,0.7690,1.0220,25.8200
807,0.6970,0.9060,25.9930
808,0.5700,0.7160,25.6670
809,0.3850,0.4660,24.6950
810,0.1440,0.1820,22.0130
811,0.0000,0.0030,16.6330
812,0.0000,0.0000,15.1100
813,0.0000,0.0000,14.3440
814,0.0000,0.0000,13.8680
815,0.0000,0.0000,13.3730
816,0.0000,0.0000,12.9440
817,0.0000,0.0000,12.4960
818,0.0000,0.0000,11.5630
819,0.0000,0.0000,10.4720
820,0.0000,0.0000,9.8100
821,0.0000,0.0000,9.5450
822,0.0000,0.0000,9.4480
823,0.0000,0.0000,9.3030
824,0.1100,0.1370,10.6250
825,0.3330,0.3850,15.8670
826,0.5190,0.6250,20.1140
827,0.6460,0.8130,23.0540
828,0.7080,0.9160,24.7750
829,0.6600,0.8460,25.5670
830,0.6710,0.8660,26.2030
831,0.6440,0.8280,26.4810
832,0.5540,0.6950,26.2440
833,0.3810,0.4630,25.2990
834,0.1430,0.1800,22.5370
835,0.0000,0.0030,17.2490
836,0.0000,0.0000,16.0350
837,0.0000,0.0000,16.1930
838,0.0000,0.0000,15.8140
839,0.0000,0.0000,14.7690
840,0.0000,0.0000,14.2770
841,0.0000,0.0000,13.8020
842,0.0000,0.0000,12.9090
843,0.0000,0.0000,12.2150
844,0.0000,0.0000,11.3470
845,0.0000,0.0000,10.3360
846,0.0000,0.0000,9.4980
847,0.0000,0.0000,8.8500
848,0.0870,0.1130,10.2300
849,0.3490,0.4040,15.6490
850,0.5540,0.6730,20.3110
851,0.6840,0.8720,23.5460
852,0.7570,1.0010,25.7390
853,0.7830,1.0560,27.3170
854,0.7620,1.0260,28.2520
855,0.6890,0.9080,28.4850
856,0.5610,0.7130,28.1170
857,0.3760,0.4620,27.0740
858,0.1380,0.1770,24.3390
859,0.0000,0.0040,19.6730
860,0.0000,0.0000,18.2860
861,0.0000,0.0000,17.3010
862,0.0000,0.0000,16.4470
863,0.0000,0.0000,16.0900
864,0.0000,0.0000,15.3510
865,0.0000,0.0000,13.9180
866,0.0000,0.0000,12.9300
867,0.0000,0.0000,12.3600
868,0.0000,0.0000,11.9000
869,0.0000,0.0000,11.4830
870,0.0000,0.0000,11.2830
871,0.0000,0.0000,11.2180
872,0.1150,0.1440,12.5680
873,0.3590,0.4170,16.6210
874,0.5450,0.6610,20.6400
875,0.6730,0.8580,23.9570
876,0.7460,0.9850,25.9950
877,0.7720,1.0360,27.3120
878,0.7520,1.0090,27.9950
879,0.6850,0.8990,28.0790
880,0.5600,0.7080,27.6290
881,0.3780,0.4620,26.5360
882,0.1430,0.1820,23.9030
883,0.0000,0.0040,18.7660
884,0.0000,0.0000,17.6380
885,0.0000,0.0000,17.2830
886,0.0000,0.0000,16.4550
887,0.0000,0.0000,15.7110
888,0.0000,0.0000,15.2360
889,0.0000,0.0000,14.9090
890,0.0000,0.0000,14.3710
891,0.0000,0.0000,13.7320
892,0.0000,0.0000,13.0860
893,0.0000,0.0000,12.4630
894,0.0000,0.0000,11.9740
895,0.0000,0.0000,11.4270
896,0.1090,0.1360,12.2040
897,0.3560,0.4140,16.6500
898,0.5500,0.6700,21.2370
899,0.6790,0.8710,24.6890
900,0.7520,1.0020,27.1040
901,0.7740,1.0510,28.7500
902,0.7500,1.0150,29.6500
903,0.6770,0.8960,29.8310
904,0.5510,0.7030,29.4230
905,0.3680,0.4540,28.3410
906,0.1350,0.1740,25.4800
907,0.0000,0.0040,20.1580
908,0.0000,0.0000,18.5350
909,0.0000,0.0000,17.8620
910,0.0000,0.0000,16.4830
911,0.0000,0.0000,15.2210
912,0.0000,0.0000,14.2640
913,0.0000,0.0000,13.9630
914,0.0000,0.0000,13.5010
915,0.0000,0.0000,12.9720
916,0.0000,0.0000,12.3220
917,0.0000,0.0000,11.7580
918,0.0000,0.0000,11.3190
919,0.0000,0.0000,10.9740
920,0.0780,0.1050,12.2280
921,0.2960,0.3430,15.8120
922,0.5270,0.6320,19.3530
923,0.6740,0.8500,22.0550
924,0.7590,0.9950,24.2900
925,0.7800,1.0400,25.9120
926,0.7470,0.9910,26.7990
927,0.6800,0.8840,26.9640
928,0.5470,0.6850,26.4350
929,0.3500,0.4240,25.1720
930,0.1160,0.1520,22.9100
931,0.0000,0.0040,19.3320
932,0.0000,0.0000,17.1540
933,0.0000,0.0000,15.3300
934,0.0000,0.0000,14.1910
935,0.0000,0.0000,13.2150
936,0.0000,0.0000,12.0650
937,0.0000,0.0000,11.1180
938,0.0000,0.0000,10.4060
939,0.0000,0.0000,9.8330
940,0.0000,0.0000,9.4040
941,0.0000,0.0000,9.2080
942,0.0000,0.0000,8.9410
943,0.0000,0.0000,8.6190
944,0.0860,0.1120,9.7880
945,0.3190,0.3660,13.4510
946,0.5400,0.6430,17.3500
947,0.6940,0.8710,20.1550
948,0.7730,1.0040,22.1230
949,0.7910,1.0420,23.4480
950,0.7610,0.9980,24.1440
951,0.6880,0.8830,24.2240
952,0.5640,0.6990,23.8370
953,0.3700,0.4440,22.8410
954,0.1230,0.1570,20.9210
955,0.0000,0.0040,16.7790
956,0.0000,0.0000,15.0630
957,0.0000,0.0000,13.9800
958,0.0000,0.0000,12.9870
959,0.0000,0.0000,11.8310
960,0.0000,0.0000,10.9160
961,0.0000,0.0000,10.2610
962,0.0000,0.0000,9.7010
963,0.0000,0.0000,9.0880
964,0.0000,0.0000,8.4910
965,0.0000,0.0000,7.9200
966,0.0000,0.0000,7.4920
967,0.0000,0.0000,7.2240
968,0.1430,0.1710,9.1270
969,0.3950,0.4540,14.0390
970,0.5880,0.7100,18.2940
971,0.7190,0.9130,21.1240
972,0.7930,1.0450,23.2030
973,0.8170,1.0950,24.7230
974,0.7920,1.0590,25.5980
975,0.7190,0.9400,25.8270
976,0.5920,0.7460,25.5020
977,0.4050,0.4910,24.5290
978,0.1620,0.2010,22.2640
979,0.0000,0.0060,17.0570
980,0.0000,0.0000,15.4440
981,0.0000,0.0000,15.1300
982,0.0000,0.0000,14.8130
983,0.0000,0.0000,13.9620
984,0.0000,0.0000,12.6450
985,0.0000,0.0000,11.4720
986,0.0000,0.0000,10.8520
987,0.0000,0.0000,10.5990
988,0.0000,0.0000,10.4410
989,0.0000,0.0000,10.1900
990,0.0000,0.0000,9.9260
991,0.0000,0.0000,9.6100
992,0.1240,0.1520,11.0230
993,0.3660,0.4240,15.5090
994,0.5630,0.6810,19.5560
995,0.6940,0.8830,22.4630
996,0.7670,1.0090,24.4760
997,0.7920,1.0600,25.7750
998,0.7700,1.0270,26.4170
999,0.6920,0.9000,26.3920
1000,0.5620,0.7040,25.8310
1001,0.3640,0.4400,24.6530
1002,0.1290,0.1660,22.6700
1003,0.0000,0.0050,18.5260
1004,0.0000,0.0000,16.6190
1005,0.0000,0.0000,15.3750
1006,0.0000,0.0000,14.5490
1007,0.0000,0.0000,14.1340
1008,0.0000,0.0000,13.5900
1009,0.0000,0.0000,13.1310
1010,0.0000,0.0000,12.5470
1011,0.0000,0.0000,11.6420
1012,0.0000,0.0000,10.8420
1013,0.0000,0.0000,10.2950
1014,0.0000,0.0000,9.7080
1015,0.0000,0.0000,9.2700
1016,0.1210,0.1490,11.5980
1017,0.3600,0.4190,16.8020
1018,0.5540,0.6740,20.9010
1019,0.6880,0.8800,23.6560
1020,0.7650,1.0140,25.7630
1021,0.7870,1.0630,27.2680
1022,0.7580,1.0190,28.0740
1023,0.6790,0.8900,28.1640
1024,0.5300,0.6670,27.5830
1025,0.3290,0.4010,26.2850
1026,0.1030,0.1380,24.0360
1027,0.0000,0.0040,20.1570
1028,0.0000,0.0000,18.5380
1029,0.0000,0.0000,17.7980
1030,0.0000,0.0000,17.0620
1031,0.0000,0.0000,16.2280
1032,0.0000,0.0000,15.4330
1033,0.0000,0.0000,14.6650
1034,0.0000,0.0000,14.0090
1035,0.0000,0.0000,13.4060
1036,0.0000,0.0000,12.8370
1037,0.0000,0.0000,12.3610
1038,0.0000,0.0000,11.9830
1039,0.0000,0.0000,11.5910
1040,0.0460,0.0700,12.0580
1041,0.2120,0.2490,14.0910
1042,0.4440,0.5200,17.4690
1043,0.6290,0.7770,20.6170
1044,0.7080,0.9050,22.7420
1045,0.6830,0.8730,23.9290
1046,0.6130,0.7720,24.4320
1047,0.4600,0.5600,24.0890
1048,0.3230,0.3880,23.3380
1049,0.1630,0.2030,22.2550
1050,0.0410,0.0660,20.8470
1051,0.0000,0.0020,18.9800
1052,0.0000,0.0000,18.0640
1053,0.0000,0.0000,17.2660
1054,0.0000,0.0000,16.4710
1055,0.0000,0.0000,15.5490
1056,0.0000,0.0000,14.7620
1057,0.0000,0.0000,13.9090
1058,0.0000,0.0000,13.0050
1059,0.0000,0.0000,12.4270
1060,0.0000,0.0000,11.9310
1061,0.0000,0.0000,11.7360
1062,0.0000,0.0000,11.7630
1063,0.0000,0.0000,11.7870
1064,0.1100,0.1390,13.2030
1065,0.3450,0.4010,16.8910
1066,0.5490,0.6670,20.6320
1067,0.6810,0.8670,23.2500
1068,0.7570,0.9960,25.0460
1069,0.7830,1.0480,26.2530
1070,0.7580,1.0110,26.8460
1071,0.6850,0.8920,26.8480
1072,0.5620,0.7070,26.4030
1073,0.3620,0.4400,25.3580
1074,0.1350,0.1720,23.6020
1075,0.0000,0.0060,19.7690
1076,0.0000,0.0000,17.7500
1077,0.0000,0.0000,16.4790
1078,0.0000,0.0000,15.7530
1079,0.0000,0.0000,15.3220
1080,0.0000,0.0000,14.9290
1081,0.0000,0.0000,14.6590
1082,0.0000,0.0000,14.4560
1083,0.0000,0.0000,14.1480
1084,0.0000,0.0000,13.4280
1085,0.0000,0.0000,12.7270
1086,0.0000,0.0000,12.1390
1087,0.0000,0.0000,11.7660
1088,0.1360,0.1650,13.2800
1089,0.3720,0.4340,17.5030
1090,0.5620,0.6890,21.7030
1091,0.6920,0.8900,24.4140
1092,0.7670,1.0210,26.3210
1093,0.7910,1.0730,27.6930
1094,0.7680,1.0370,28.5190
1095,0.6970,0.9210,28.7380
1096,0.5700,0.7260,28.3820
1097,0.3890,0.4770,27.4150
1098,0.1550,0.1970,25.2660
1099,0.0000,0.0080,20.1100
1100,0.0000,0.0000,18.1480
1101,0.0000,0.0000,17.5440
1102,0.0000,0.0000,16.9520
1103,0.0000,0.0000,16.1780
1104,0.0000,0.0000,15.5360
1105,0.0000,0.0000,15.0360
1106,0.0000,0.0000,14.6100
1107,0.0000,0.0000,14.0940
1108,0.0000,0.0000,13.5140
1109,0.0000,0.0000,12.8780
1110,0.0000,0.0000,12.3240
1111,0.0000,0.0000,11.9090
1112,0.1400,0.1710,13.6820
1113,0.3760,0.4420,18.7980
1114,0.5640,0.6970,23.2660
1115,0.6920,0.9000,26.2130
1116,0.7660,1.0320,28.0770
1117,0.7910,1.0840,29.2950
1118,0.7680,1.0470,29.9290
1119,0.6980,0.9300,29.9570
1120,0.5750,0.7380,29.4110
1121,0.3960,0.4880,28.2240
1122,0.1620,0.2050,25.9640
1123,0.0000,0.0080,20.6200
1124,0.0000,0.0000,18.4800
1125,0.0000,0.0000,17.4050
1126,0.0000,0.0000,16.6220
1127,0.0000,0.0000,16.0340
1128,0.0000,0.0000,15.5430
1129,0.0000,0.0000,14.9870
1130,0.0000,0.0000,14.5990
1131,0.0000,0.0000,14.0740
1132,0.0000,0.0000,13.4740
1133,0.0000,0.0000,12.7230
1134,0.0000,0.0000,12.1630
1135,0.0000,0.0000,11.5650
1136,0.1510,0.1820,12.9110
1137,0.3920,0.4570,16.9890
1138,0.5830,0.7150,21.1480
1139,0.7120,0.9210,24.4930
1140,0.7840,1.0550,26.9000
1141,0.8070,1.1060,28.5090
1142,0.7830,1.0710,29.3370
1143,0.7130,0.9510,29.3700
1144,0.5900,0.7570,28.7720
1145,0.4090,0.5050,27.5650
1146,0.1730,0.2170,25.2890
1147,0.0000,0.0090,19.8460
1148,0.0000,0.0000,17.4810
1149,0.0000,0.0000,16.1960
1150,0.0000,0.0000,15.3710
1151,0.0000,0.0000,14.9260
1152,0.0000,0.0000,14.6630
1153,0.0000,0.0000,14.2230
1154,0.0000,0.0000,13.6350
1155,0.0000,0.0000,13.0340
1156,0.0000,0.0000,12.6180
1157,0.0000,0.0000,12.3850
1158,0.0000,0.0000,12.0750
1159,0.0000,0.0010,11.6210
1160,0.1520,0.1830,13.1870
1161,0.3910,0.4570,17.4720
1162,0.5840,0.7180,21.5000
1163,0.7130,0.9250,24.9330
1164,0.7860,1.0590,27.0380
1165,0.8100,1.1110,28.4340
1166,0.7860,1.0740,29.2000
1167,0.7150,0.9550,29.3120
1168,0.5920,0.7600,28.8660
1169,0.4120,0.5090,27.8560
1170,0.1770,0.2220,25.7430
1171,0.0000,0.0100,20.2250
1172,0.0000,0.0000,18.1570
1173,0.0000,0.0000,17.0950
1174,0.0000,0.0000,15.8690
1175,0.0000,0.0000,14.6280
1176,0.0000,0.0000,13.8340
1177,0.0000,0.0000,13.2880
1178,0.0000,0.0000,12.9140
1179,0.0000,0.0000,12.3110
1180,0.0000,0.0000,11.8080
1181,0.0000,0.0000,11.1310
1182,0.0000,0.0000,10.4090
1183,0.0000,0.0010,9.8740
1184,0.1650,0.1960,11.8120
1185,0.4040,0.4700,16.4320
1186,0.5960,0.7290,20.1930
1187,0.7250,0.9350,23.4750
1188,0.7980,1.0690,25.5610
1189,0.8210,1.1190,26.9360
1190,0.7980,1.0840,27.7330
1191,0.7270,0.9650,27.9100
1192,0.6030,0.7700,27.4680
1193,0.4220,0.5170,26.3930
1194,0.1840,0.2290,24.4110
1195,0.0000,0.0110,18.9150
1196,0.0000,0.0000,16.7960
1197,0.0000,0.0000,15.8110
1198,0.0000,0.0000,15.1000
1199,0.0000,0.0000,14.4740
1200,0.0000,0.0000,13.8750
1201,0.0000,0.0000,13.3980
1202,0.0000,0.0000,12.9100
1203,0.0000,0.0000,12.6170
1204,0.0000,0.0000,11.9940
1205,0.0000,0.0000,11.2050
1206,0.0000,0.0000,10.5310
1207,0.0000,0.0010,10.2170
1208,0.1650,0.1960,12.4250
1209,0.4010,0.4680,16.8470
1210,0.5900,0.7250,21.3680
1211,0.7180,0.9290,24.3460
1212,0.7910,1.0620,26.1100
1213,0.8140,1.1100,27.1930
1214,0.7910,1.0720,27.7280
1215,0.7200,0.9520,27.6750
1216,0.5950,0.7570,27.0880
1217,0.4150,0.5080,25.9590
1218,0.1790,0.2220,24.0770
1219,0.0000,0.0110,19.1720
1220,0.0000,0.0000,17.1140
1221,0.0000,0.0000,16.0760
1222,0.0000,0.0000,15.3630
1223,0.0000,0.0000,14.6500
1224,0.0000,0.0000,13.7560
1225,0.0000,0.0000,12.9300
1226,0.0000,0.0000,12.1660
1227,0.0000,0.0000,11.5850
1228,0.0000,0.0000,11.1390
1229,0.0000,0.0000,10.7600
1230,0.0000,0.0000,10.2770
1231,0.0000,0.0010,9.7860
1232,0.1580,0.1880,11.8670
1233,0.3960,0.4600,16.2930
1234,0.5900,0.7190,19.6880
1235,0.7210,0.9230,22.4250
1236,0.7940,1.0570,24.7620
1237,0.8170,1.1090,26.4950
1238,0.7940,1.0770,27.5310
1239,0.7240,0.9600,27.7960
1240,0.6020,0.7680,27.3070
1241,0.4220,0.5180,26.1410
1242,0.1870,0.2310,24.1750
1243,0.0000,0.0110,19.2080
1244,0.0000,0.0000,16.7070
1245,0.0000,0.0000,15.5040
1246,0.0000,0.0000,14.6320
1247,0.0000,0.0000,14.1360
1248,0.0000,0.0000,13.9470
1249,0.0000,0.0000,13.5900
1250,0.0000,0.0000,13.2700
1251,0.0000,0.0000,12.5050
1252,0.0000,0.0000,11.9730
1253,0.0000,0.0000,11.5510
1254,0.0000,0.0000,11.3980
1255,0.0000,0.0010,11.3410
1256,0.0530,0.0770,12.9590
1257,0.1740,0.2090,15.8610
1258,0.3110,0.3660,18.9020
1259,0.3910,0.4670,21.7930
1260,0.4400,0.5340,23.6290
1261,0.4690,0.5730,24.7810
1262,0.4210,0.5130,25.1810
1263,0.3550,0.4300,25.0870
1264,0.2660,0.3220,24.6880
1265,0.1610,0.2020,23.9000
1266,0.0550,0.0830,22.1150
1267,0.0000,0.0050,18.7090
1268,0.0000,0.0000,17.3800
1269,0.0000,0.0000,16.6330
1270,0.0000,0.0000,16.2840
1271,0.0000,0.0000,16.1460
1272,0.0000,0.0000,15.8400
1273,0.0000,0.0000,15.2680
1274,0.0000,0.0000,14.6810
1275,0.0000,0.0000,13.7180
1276,0.0000,0.0000,13.0500
1277,0.0000,0.0000,12.2820
1278,0.0000,0.0000,11.4720
1279,0.0000,0.0010,11.3790
1280,0.0500,0.0740,13.3570
1281,0.1840,0.2210,16.8870
1282,0.3570,0.4230,20.4730
1283,0.4960,0.6040,23.2010
1284,0.5710,0.7140,25.0770
1285,0.6290,0.8050,26.5300
1286,0.6000,0.7650,27.1930
1287,0.4990,0.6210,27.0150
1288,0.3600,0.4390,26.4210
1289,0.2120,0.2610,25.5420
1290,0.0730,0.1040,23.9930
1291,0.0000,0.0070,20.4100
1292,0.0000,0.0000,19.0910
1293,0.0000,0.0000,18.6090
1294,0.0000,0.0000,17.8840
1295,0.0000,0.0000,16.6150
1296,0.0000,0.0000,15.4590
1297,0.0000,0.0000,14.9340
1298,0.0000,0.0000,14.4850
1299,0.0000,0.0000,13.9200
1300,0.0000,0.0000,13.3630
1301,0.0000,0.0000,12.8390
1302,0.0000,0.0000,12.4050
1303,0.0000,0.0010,12.3620
1304,0.0590,0.0850,14.3120
1305,0.2680,0.3150,17.9840
1306,0.5490,0.6720,22.1970
1307,0.6880,0.8870,24.9620
1308,0.7630,1.0180,26.9430
1309,0.7810,1.0580,28.2610
1310,0.7480,1.0070,28.8630
1311,0.6530,0.8520,28.7310
1312,0.5070,0.6360,28.0310
1313,0.3040,0.3720,26.7350
1314,0.0980,0.1330,24.7920
1315,0.0000,0.0070,21.7030
1316,0.0000,0.0000,20.0300
1317,0.0000,0.0000,18.4680
1318,0.0000,0.0000,16.9260
1319,0.0000,0.0000,15.7160
1320,0.0000,0.0000,14.5980
1321,0.0000,0.0000,13.5100
1322,0.0000,0.0000,12.7990
1323,0.0000,0.0000,12.1610
1324,0.0000,0.0000,11.6580
1325,0.0000,0.0000,11.3970
1326,0.0000,0.0000,11.3270
1327,0.0000,0.0010,11.3680
1328,0.1190,0.1480,13.3310
1329,0.3570,0.4160,17.1130
1330,0.5610,0.6850,21.1390
1331,0.6930,0.8900,24.1400
1332,0.7670,1.0220,26.3930
1333,0.7860,1.0640,27.9010
1334,0.7550,1.0170,28.6780
1335,0.6650,0.8700,28.6670
1336,0.5320,0.6710,28.0260
1337,0.2980,0.3630,26.5620
1338,0.0920,0.1250,24.5430
1339,0.0000,0.0070,21.7230
1340,0.0000,0.0000,20.5420
1341,0.0000,0.0000,19.3080
1342,0.0000,0.0000,18.0530
1343,0.0000,0.0000,17.1100
1344,0.0000,0.0000,16.3020
1345,0.0000,0.0000,15.4460
1346,0.0000,0.0000,14.7200
1347,0.0000,0.0000,14.1730
1348,0.0000,0.0000,13.6340
1349,0.0000,0.0000,13.1570
1350,0.0000,0.0000,12.7260
1351,0.0000,0.0010,12.3410
1352,0.0940,0.1230,14.1050
1353,0.3230,0.3770,17.7600
1354,0.5200,0.6320,21.9030
1355,0.6630,0.8460,24.5840
1356,0.7560,1.0050,26.6660
1357,0.7920,1.0770,28.2480
1358,0.7690,1.0440,29.2210
1359,0.6830,0.9030,29.4350
1360,0.5530,0.7050,29.0540
1361,0.3520,0.4330,28.0330
1362,0.1310,0.1700,26.1910
1363,0.0000,0.0090,22.3630
1364,0.0000,0.0000,20.8820
1365,0.0000,0.0000,20.0950
1366,0.0000,0.0000,18.7500
1367,0.0000,0.0000,17.2490
1368,0.0000,0.0000,16.6610
1369,0.0000,0.0000,15.8180
1370,0.0000,0.0000,14.7050
1371,0.0000,0.0000,13.7040
1372,0.0000,0.0000,13.1610
1373,0.0000,0.0000,13.0120
1374,0.0000,0.0000,12.7980
1375,0.0690,0.0950,12.6000
1376,0.1380,0.1700,14.2270
1377,0.3800,0.4450,18.1600
1378,0.5710,0.7040,22.2940
1379,0.7020,0.9080,25.0900
1380,0.7760,1.0430,27.2740
1381,0.8010,1.0970,28.8820
1382,0.7780,1.0640,29.8220
1383,0.7080,0.9460,30.0720
1384,0.5840,0.7520,29.7470
1385,0.3950,0.4900,28.7100
1386,0.1710,0.2160,26.7050
1387,0.0000,0.0130,22.4750
1388,0.0000,0.0000,19.8770
1389,0.0000,0.0000,18.4940
1390,0.0000,0.0000,17.6100
1391,0.0000,0.0000,16.7040
1392,0.0000,0.0000,15.5690
1393,0.0000,0.0000,14.5550
1394,0.0000,0.0000,13.8130
1395,0.0000,0.0000,13.2570
1396,0.0000,0.0000,12.6020
1397,0.0000,0.0000,12.0560
1398,0.0000,0.0000,11.6620
1399,0.0000,0.0030,11.4970
1400,0.1520,0.1830,13.7340
1401,0.3950,0.4630,17.9130
1402,0.5790,0.7140,22.1450
1403,0.7000,0.9060,25.0940
1404,0.7690,1.0320,27.2820
1405,0.7890,1.0760,28.8070
1406,0.7560,1.0250,29.5900
1407,0.6800,0.9000,29.6650
1408,0.5600,0.7150,29.2480
1409,0.3960,0.4890,28.3080
1410,0.1690,0.2130,26.3800
1411,0.0000,0.0140,21.8110
1412,0.0000,0.0000,19.0980
1413,0.0000,0.0000,17.8630
1414,0.0000,0.0000,17.1130
1415,0.0000,0.0000,16.4130
1416,0.0000,0.0000,15.5800
1417,0.0000,0.0000,14.8290
1418,0.0000,0.0000,14.1600
1419,0.0000,0.0000,13.4130
1420,0.0000,0.0000,12.6140
1421,0.0000,0.0000,12.0320
1422,0.0000,0.0000,11.6330
1423,0.0000,0.0030,11.4810
1424,0.1360,0.1660,13.4810
1425,0.3850,0.4500,17.7590
1426,0.5760,0.7100,22.2350
1427,0.7040,0.9130,25.2320
1428,0.7770,1.0460,27.4710
1429,0.8000,1.0970,29.0170
1430,0.7760,1.0610,29.9130
1431,0.7050,0.9430,30.0530
1432,0.5810,0.7480,29.5460
1433,0.4040,0.5000,28.4850
1434,0.1760,0.2220,26.5780
1435,0.0000,0.0150,22.2430
1436,0.0000,0.0000,19.7830
1437,0.0000,0.0000,18.4900
1438,0.0000,0.0000,17.3410
1439,0.0000,0.0000,16.3850
1440,0.0000,0.0000,15.6570
1441,0.0000,0.0000,14.7370
1442,0.0000,0.0000,13.9350
1443,0.0000,0.0000,13.2640
1444,0.0000,0.0000,12.8170
1445,0.0000,0.0000,12.5680
1446,0.0000,0.0000,12.3860
1447,0.0000,0.0030,12.2080
1448,0.1430,0.1750,14.4050
1449,0.3850,0.4530,18.5350
1450,0.5750,0.7100,22.7870
1451,0.7030,0.9140,25.6280
1452,0.7770,1.0470,27.5870
1453,0.8010,1.0980,28.9570
1454,0.7780,1.0640,29.7610
1455,0.7070,0.9450,29.9580
1456,0.5840,0.7520,29.6280
1457,0.4040,0.5000,28.6920
1458,0.1680,0.2130,26.8450
1459,0.0000,0.0140,22.4520
1460,0.0000,0.0000,19.9270
1461,0.0000,0.0000,18.7120
1462,0.0000,0.0000,18.0700
1463,0.0000,0.0000,17.5200
1464,0.0000,0.0000,16.4470
1465,0.0000,0.0000,15.3210
1466,0.0000,0.0000,14.5830
1467,0.0000,0.0000,14.1380
1468,0.0000,0.0000,13.8340
1469,0.0000,0.0000,13.5570
1470,0.0000,0.0000,13.1650
1471,0.0000,0.0030,12.7570
1472,0.1440,0.1760,14.9810
1473,0.3830,0.4520,19.4470
1474,0.5710,0.7090,23.9210
1475,0.6980,0.9130,26.9930
1476,0.7700,1.0460,29.2500
1477,0.7930,1.0980,30.8010
1478,0.7700,1.0620,31.6320
1479,0.7000,0.9430,31.6970
1480,0.5760,0.7470,31.1710
1481,0.3980,0.4960,30.0460
1482,0.1710,0.2170,28.0110
1483,0.0000,0.0140,23.7180
1484,0.0000,0.0000,21.5710
1485,0.0000,0.0000,20.3880
1486,0.0000,0.0000,19.2950
1487,0.0000,0.0000,18.5200
1488,0.0000,0.0000,17.5730
1489,0.0000,0.0000,16.4310
1490,0.0000,0.0000,15.2760
1491,0.0000,0.0000,14.3320
1492,0.0000,0.0000,13.6770
1493,0.0000,0.0000,13.0860
1494,0.0000,0.0000,12.6030
1495,0.0000,0.0020,12.2570
1496,0.1330,0.1630,14.5400
1497,0.3690,0.4340,18.6990
1498,0.5570,0.6840,22.5610
1499,0.6870,0.8860,25.1630
1500,0.7620,1.0180,27.0770
1501,0.7850,1.0660,28.4310
1502,0.7600,1.0290,29.2380
1503,0.6890,0.9130,29.4730
1504,0.5640,0.7200,28.9610
1505,0.3570,0.4390,27.6650
1506,0.1360,0.1760,25.7370
1507,0.0000,0.0120,22.4570
1508,0.0000,0.0000,20.7370
1509,0.0000,0.0000,19.5890
1510,0.0000,0.0000,19.0280
1511,0.0000,0.0000,18.5870
1512,0.0000,0.0000,17.3430
1513,0.0000,0.0000,16.4760
1514,0.0000,0.0000,15.8150
1515,0.0000,0.0000,15.1140
1516,0.0000,0.0000,14.5320
1517,0.0000,0.0000,14.0790
1518,0.0000,0.0000,13.6960
1519,0.0000,0.0020,13.4390
1520,0.1360,0.1680,15.7510
1521,0.3740,0.4420,19.4060
1522,0.5650,0.6970,23.0290
1523,0.6950,0.9010,25.7600
1524,0.7680,1.0340,27.8440
1525,0.7920,1.0860,29.3180
1526,0.7690,1.0510,30.1660
1527,0.6980,0.9320,30.3490
1528,0.5750,0.7400,29.8520
1529,0.3760,0.4630,28.4400
1530,0.1470,0.1880,26.2710
1531,0.0000,0.0140,22.6180
1532,0.0000,0.0000,19.9280
1533,0.0000,0.0000,17.8640
1534,0.0000,0.0000,16.2760
1535,0.0000,0.0000,15.0750
1536,0.0000,0.0000,13.9590
1537,0.0000,0.0000,13.0390
1538,0.0000,0.0000,12.3080
1539,0.0000,0.0000,11.6590
1540,0.0000,0.0000,11.1280
1541,0.0000,0.0000,10.7550
1542,0.0000,0.0000,10.4150
1543,0.0000,0.0040,10.0430
1544,0.1580,0.1880,12.6770
1545,0.3990,0.4660,17.4210
1546,0.5860,0.7210,21.7020
1547,0.7140,0.9240,24.4210
1548,0.7860,1.0550,26.5730
1549,0.8090,1.1060,28.0530
1550,0.7860,1.0720,28.8500
1551,0.7150,0.9520,28.9310
1552,0.5930,0.7600,28.4280
1553,0.4030,0.4950,27.2540
1554,0.1800,0.2240,25.2570
1555,0.0010,0.0170,21.1270
1556,0.0000,0.0000,18.4100
1557,0.0000,0.0000,17.0560
1558,0.0000,0.0000,15.9150
1559,0.0000,0.0000,14.9700
1560,0.0000,0.0000,14.2200
1561,0.0000,0.0000,13.5330
1562,0.0000,0.0000,12.8180
1563,0.0000,0.0000,12.2410
1564,0.0000,0.0000,11.9330
1565,0.0000,0.0000,11.8010
1566,0.0000,0.0000,11.7510
1567,0.0000,0.0040,11.7260
1568,0.1560,0.1880,14.6510
1569,0.3960,0.4670,19.5120
1570,0.5830,0.7250,23.4930
1571,0.7110,0.9300,26.2120
1572,0.7840,1.0640,28.1550
1573,0.8080,1.1150,29.4310
1574,0.7860,1.0800,30.0980
1575,0.7170,0.9620,30.1760
1576,0.5950,0.7690,29.7160
1577,0.4050,0.5020,28.6740
1578,0.1790,0.2260,26.8650
1579,0.0020,0.0180,22.2190
1580,0.0000,0.0000,20.1430
1581,0.0000,0.0000,19.1960
1582,0.0000,0.0000,17.9030
1583,0.0000,0.0000,16.5700
1584,0.0000,0.0000,15.2690
1585,0.0000,0.0000,14.3280
1586,0.0000,0.0000,13.6920
1587,0.0000,0.0000,13.0970
1588,0.0000,0.0000,12.7510
1589,0.0000,0.0000,12.5420
1590,0.0000,0.0000,12.4190
1591,0.0000,0.0040,12.3410
1592,0.1520,0.1850,14.9440
1593,0.3920,0.4620,18.9300
1594,0.5810,0.7180,22.7140
1595,0.7090,0.9230,25.7650
1596,0.7820,1.0580,27.9970
1597,0.8050,1.1100,29.4710
1598,0.7830,1.0760,30.2900
1599,0.7140,0.9590,30.4860
1600,0.5930,0.7680,30.1100
1601,0.4090,0.5090,29.0870
1602,0.1790,0.2250,27.2540
1603,0.0020,0.0190,22.6660
1604,0.0000,0.0000,20.0770
1605,0.0000,0.0000,18.9260
1606,0.0000,0.0000,18.3330
1607,0.0000,0.0000,17.2060
1608,0.0000,0.0000,15.7560
1609,0.0000,0.0000,14.8430
1610,0.0000,0.0000,14.3030
1611,0.0000,0.0000,14.0240
1612,0.0000,0.0000,13.6280
1613,0.0000,0.0000,13.1630
1614,0.0000,0.0000,12.8330
1615,0.0000,0.0040,12.7500
1616,0.1410,0.1730,15.5310
1617,0.3780,0.4470,19.8460
1618,0.5670,0.7030,23.8650
1619,0.6950,0.9060,26.6750
1620,0.7680,1.0390,28.6840
1621,0.7890,1.0850,30.0490
1622,0.7650,1.0490,30.8210
1623,0.6940,0.9290,30.9780
1624,0.5690,0.7340,30.5560
1625,0.3820,0.4740,29.4940
1626,0.1610,0.2050,27.6570
1627,0.0000,0.0170,23.7370
1628,0.0000,0.0000,21.3770
1629,0.0000,0.0000,20.3590
1630,0.0000,0.0000,19.4070
1631,0.0000,0.0000,18.4630
1632,0.0000,0.0000,17.4380
1633,0.0000,0.0000,16.4710
1634,0.0000,0.0000,15.5800
1635,0.0000,0.0000,14.9900
1636,0.0000,0.0000,14.7820
1637,0.0000,0.0000,14.4030
1638,0.0000,0.0000,14.0050
1639,0.0000,0.0040,13.6650
1640,0.1420,0.1740,15.9630
1641,0.3800,0.4500,20.1280
1642,0.5680,0.7070,24.3740
1643,0.6980,0.9120,26.8550
1644,0.7720,1.0470,28.6390
1645,0.7980,1.1000,29.8300
1646,0.7770,1.0670,30.4660
1647,0.7090,0.9510,30.5200
1648,0.5870,0.7590,30.1290
1649,0.4120,0.5130,29.2590
1650,0.1870,0.2360,27.6310
1651,0.0030,0.0200,23.1330
1652,0.0000,0.0000,21.1030
1653,0.0000,0.0000,20.5360
1654,0.0000,0.0000,19.5220
1655,0.0000,0.0000,18.1470
1656,0.0000,0.0000,16.7610
1657,0.0000,0.0000,15.7160
1658,0.0000,0.0000,14.9490
1659,0.0000,0.0000,14.2980
1660,0.0000,0.0000,13.7250
1661,0.0000,0.0000,13.4340
1662,0.0000,0.0000,13.3560
1663,0.0000,0.0050,13.3680
1664,0.1510,0.1850,15.8120
1665,0.3920,0.4640,19.6190
1666,0.5830,0.7230,23.2560
1667,0.7120,0.9310,26.2980
1668,0.7840,1.0680,28.7000
1669,0.8080,1.1220,30.4090
1670,0.7860,1.0890,31.3560
1671,0.7170,0.9710,31.5370
1672,0.5970,0.7780,31.1990
1673,0.4210,0.5280,30.3320
1674,0.1960,0.2460,28.5850
1675,0.0040,0.0220,23.5550
1676,0.0000,0.0000,20.6650
1677,0.0000,0.0000,19.0790
1678,0.0000,0.0000,17.6770
1679,0.0000,0.0000,16.5550
1680,0.0000,0.0000,15.7880
1681,0.0000,0.0000,14.9480
1682,0.0000,0.0000,14.1930
1683,0.0000,0.0000,13.5580
1684,0.0000,0.0000,12.8700
1685,0.0000,0.0000,12.1640
1686,0.0000,0.0000,11.5150
1687,0.0000,0.0050,11.0530
1688,0.1630,0.1960,14.3200
1689,0.4060,0.4780,18.7290
1690,0.5970,0.7390,22.2510
1691,0.7260,0.9470,24.9760
1692,0.7990,1.0810,27.1170
1693,0.8210,1.1320,28.6970
1694,0.7970,1.0960,29.6680
1695,0.7260,0.9770,29.9820
1696,0.6060,0.7840,29.7050
1697,0.4290,0.5330,28.8130
1698,0.2010,0.2520,27.0880
1699,0.0050,0.0230,22.2590
1700,0.0000,0.0000,19.7160
1701,0.0000,0.0000,18.0990
1702,0.0000,0.0000,16.8680
1703,0.0000,0.0000,15.6610
1704,0.0000,0.0000,14.5060
1705,0.0000,0.0000,13.9560
1706,0.0000,0.0000,13.6830
1707,0.0000,0.0000,13.3160
1708,0.0000,0.0000,12.6710
1709,0.0000,0.0000,11.9860
1710,0.0000,0.0000,11.4720
1711,0.0000,0.0050,11.2630
1712,0.1600,0.1920,14.2120
1713,0.4020,0.4730,18.7110
1714,0.5900,0.7310,22.6270
1715,0.7180,0.9360,25.3440
1716,0.7900,1.0690,27.4910
1717,0.8130,1.1210,29.0370
1718,0.7900,1.0860,29.9020
1719,0.7200,0.9670,30.1500
1720,0.6000,0.7770,29.7860
1721,0.4270,0.5300,28.7690
1722,0.2020,0.2520,26.9320
1723,0.0060,0.0240,22.6350
1724,0.0000,0.0000,19.3930
1725,0.0000,0.0000,18.0100
1726,0.0000,0.0000,17.3290
1727,0.0000,0.0000,16.9240
1728,0.0000,0.0000,16.4930
1729,0.0000,0.0000,15.9000
1730,0.0000,0.0000,15.3770
1731,0.0000,0.0000,14.6160
1732,0.0000,0.0000,13.8310
1733,0.0000,0.0000,13.3430
1734,0.0000,0.0000,12.8960
1735,0.0000,0.0050,12.3870
1736,0.1550,0.1880,14.7210
1737,0.4010,0.4730,19.0990
1738,0.5890,0.7330,23.4010
1739,0.7170,0.9380,26.0040
1740,0.7890,1.0710,27.9860
1741,0.8120,1.1210,29.3870
1742,0.7880,1.0850,30.1620
1743,0.7180,0.9650,30.2720
1744,0.5960,0.7710,29.8400
1745,0.4200,0.5210,28.8120
1746,0.1930,0.2420,26.9710
1747,0.0050,0.0230,22.6610
1748,0.0000,0.0000,19.6650
1749,0.0000,0.0000,18.5010
1750,0.0000,0.0000,17.7890
1751,0.0000,0.0000,17.1260
1752,0.0000,0.0000,16.5920
1753,0.0000,0.0000,16.1710
1754,0.0000,0.0000,14.9260
1755,0.0000,0.0000,13.2820
1756,0.0000,0.0000,12.5400
1757,0.0000,0.0000,12.1690
1758,0.0000,0.0000,11.7660
1759,0.0000,0.0060,11.4060
1760,0.1460,0.1790,14.8910
1761,0.3830,0.4510,19.4090
1762,0.5700,0.7050,23.1070
1763,0.6990,0.9060,25.5900
1764,0.7710,1.0360,27.3820
1765,0.7950,1.0850,28.5760
1766,0.7640,1.0350,29.1710
1767,0.6810,0.8990,29.1350
1768,0.5560,0.7070,28.6640
1769,0.3580,0.4400,27.6770
1770,0.1430,0.1840,26.2130
1771,0.0010,0.0180,23.4840
1772,0.0000,0.0000,21.7620
1773,0.0000,0.0000,20.9470
1774,0.0000,0.0000,19.9720
1775,0.0000,0.0000,18.8320
1776,0.0000,0.0000,17.6660
1777,0.0000,0.0000,16.6400
1778,0.0000,0.0000,15.9530
1779,0.0000,0.0000,15.5600
1780,0.0000,0.0000,15.3550
1781,0.0000,0.0000,14.8220
1782,0.0000,0.0000,13.8600
1783,0.0000,0.0050,13.3080
1784,0.1190,0.1490,15.0930
1785,0.3620,0.4230,18.0140
1786,0.5260,0.6370,20.8320
1787,0.6780,0.8630,23.2470
1788,0.7700,1.0190,25.3710
1789,0.8040,1.0900,27.0360
1790,0.7780,1.0520,28.0500
1791,0.6660,0.8690,28.1520
1792,0.5150,0.6460,27.6590
1793,0.3030,0.3700,26.5850
1794,0.1050,0.1410,25.1030
1795,0.0000,0.0140,22.6140
1796,0.0000,0.0000,20.8340
1797,0.0000,0.0000,19.4370
1798,0.0000,0.0000,18.5070
1799,0.0000,0.0000,17.6840
1800,0.0000,0.0000,16.7160
1801,0.0000,0.0000,15.6690
1802,0.0000,0.0000,14.7800
1803,0.0000,0.0000,13.9110
1804,0.0000,0.0000,13.2350
1805,0.0000,0.0000,12.6390
1806,0.0000,0.0000,12.3500
1807,0.0000,0.0050,12.2440
1808,0.1310,0.1610,14.5510
1809,0.3720,0.4370,18.2010
1810,0.5680,0.6960,21.4480
1811,0.7000,0.8980,23.8990
1812,0.7690,1.0210,25.7430
1813,0.8020,1.0870,27.1440
1814,0.7770,1.0500,27.9620
1815,0.6990,0.9210,28.1310
1816,0.4970,0.6190,27.4140
1817,0.2340,0.2880,25.9860
1818,0.0790,0.1100,24.5920
1819,0.0000,0.0120,22.3900
1820,0.0000,0.0000,20.9950
1821,0.0000,0.0000,20.0940
1822,0.0000,0.0000,19.1800
1823,0.0000,0.0000,18.4780
1824,0.0000,0.0000,17.8270
1825,0.0000,0.0000,17.1770
1826,0.0000,0.0000,16.4610
1827,0.0000,0.0000,15.8110
1828,0.0000,0.0000,15.2630
1829,0.0000,0.0000,14.8030
1830,0.0000,0.0000,14.4290
1831,0.0000,0.0030,14.1340
1832,0.0560,0.0820,14.6700
1833,0.2040,0.2420,16.3290
1834,0.3990,0.4700,18.6710
1835,0.5630,0.6870,21.0460
1836,0.6300,0.7880,22.8120
1837,0.6990,0.9010,24.3910
1838,0.7180,0.9370,25.6680
1839,0.6680,0.8620,26.3010
1840,0.5540,0.6950,26.3880
1841,0.4000,0.4880,25.9050
1842,0.1880,0.2340,24.7080
1843,0.0070,0.0250,21.9420
1844,0.0000,0.0000,19.4850
1845,0.0000,0.0000,18.3710
1846,0.0000,0.0000,17.2310
1847,0.0000,0.0000,16.0440
1848,0.0000,0.0000,15.1690
1849,0.0000,0.0000,14.3460
1850,0.0000,0.0000,13.5420
1851,0.0000,0.0000,12.8530
1852,0.0000,0.0000,12.1390
1853,0.0000,0.0000,11.7270
1854,0.0000,0.0000,11.5090
1855,0.0000,0.0070,11.2890
1856,0.1270,0.1570,13.3250
1857,0.3720,0.4320,16.6190
1858,0.5840,0.7100,19.6970
1859,0.7100,0.9050,22.1240
1860,0.7900,1.0440,24.1060
1861,0.8140,1.0960,25.5840
1862,0.7870,1.0570,26.5170
1863,0.7200,0.9480,26.9260
1864,0.5980,0.7610,26.7690
1865,0.4270,0.5230,26.0580
1866,0.2040,0.2510,24.6490
1867,0.0080,0.0280,21.3820
1868,0.0000,0.0000,18.5320
1869,0.0000,0.0000,17.2290
1870,0.0000,0.0000,16.3000
1871,0.0000,0.0000,15.2500
1872,0.0000,0.0000,14.1000
1873,0.0000,0.0000,13.1130
1874,0.0000,0.0000,12.4020
1875,0.0000,0.0000,11.8580
1876,0.0000,0.0000,11.3730
1877,0.0000,0.0000,11.0090
1878,0.0000,0.0000,10.6810
1879,0.0000,0.0070,10.4880
1880,0.1390,0.1700,12.9880
1881,0.3950,0.4610,16.9480
1882,0.5950,0.7270,20.2510
1883,0.7250,0.9310,22.6940
1884,0.7990,1.0640,24.6740
1885,0.8230,1.1170,26.1680
1886,0.8000,1.0840,27.1070
1887,0.7310,0.9680,27.4500
1888,0.6100,0.7800,27.2570
1889,0.4350,0.5350,26.4890
1890,0.2100,0.2590,24.9930
1891,0.0100,0.0290,21.3270
1892,0.0000,0.0000,18.7220
1893,0.0000,0.0000,17.7920
1894,0.0000,0.0000,16.3620
1895,0.0000,0.0000,15.2110
1896,0.0000,0.0000,14.4420
1897,0.0000,0.0000,13.9570
1898,0.0000,0.0000,13.5270
1899,0.0000,0.0000,13.1120
1900,0.0000,0.0000,12.6750
1901,0.0000,0.0000,12.0460
1902,0.0000,0.0000,11.5810
1903,0.0000,0.0070,11.0480
1904,0.1510,0.1830,13.9360
1905,0.3880,0.4540,17.7540
1906,0.5860,0.7180,20.9150
1907,0.7160,0.9220,23.3740
1908,0.7840,1.0420,25.2190
1909,0.7900,1.0600,26.3840
1910,0.7520,1.0010,26.9700
1911,0.6950,0.9100,27.1560
1912,0.5640,0.7110,26.7800
1913,0.3720,0.4530,25.8860
1914,0.1750,0.2190,24.5370
1915,0.0070,0.0260,21.4250
1916,0.0000,0.0000,19.3440
1917,0.0000,0.0000,18.4930
1918,0.0000,0.0000,17.6390
1919,0.0000,0.0000,16.7100
1920,0.0000,0.0000,15.6760
1921,0.0000,0.0000,14.7960
1922,0.0000,0.0000,14.2030
1923,0.0000,0.0000,13.6190
1924,0.0000,0.0000,12.8850
1925,0.0000,0.0000,12.1400
1926,0.0000,0.0000,11.5550
1927,0.0000,0.0080,11.1670
1928,0.1580,0.1900,13.4990
1929,0.4000,0.4670,17.1190
1930,0.5890,0.7210,20.6070
1931,0.7180,0.9230,23.1540
1932,0.7920,1.0550,25.0520
1933,0.8130,1.1000,26.3680
1934,0.7810,1.0500,27.0330
1935,0.6990,0.9150,27.0310
1936,0.5760,0.7270,26.6100
1937,0.3950,0.4810,25.7400
1938,0.1740,0.2180,24.2250
1939,0.0060,0.0240,21.4820
1940,0.0000,0.0000,19.4290
1941,0.0000,0.0000,18.3930
1942,0.0000,0.0000,17.2950
1943,0.0000,0.0000,16.2260
1944,0.0000,0.0000,14.9560
1945,0.0000,0.0000,13.9510
1946,0.0000,0.0000,13.1530
1947,0.0000,0.0000,12.7610
1948,0.0000,0.0000,12.5300
1949,0.0000,0.0000,12.1850
1950,0.0000,0.0000,11.5840
1951,0.0000,0.0090,10.9750
1952,0.1660,0.1990,13.7170
1953,0.4050,0.4760,18.0240
1954,0.5930,0.7300,21.6370
1955,0.7220,0.9340,24.0760
1956,0.7950,1.0670,26.0020
1957,0.8190,1.1190,27.3900
1958,0.7970,1.0850,28.1810
1959,0.7270,0.9680,28.4030
1960,0.6040,0.7750,28.0400
1961,0.4180,0.5150,27.0920
1962,0.2010,0.2480,25.4870
1963,0.0100,0.0300,21.7020
1964,0.0000,0.0000,18.4750
1965,0.0000,0.0000,17.1820
1966,0.0000,0.0000,16.3100
1967,0.0000,0.0000,15.3980
1968,0.0000,0.0000,14.2620
1969,0.0000,0.0000,13.4100
1970,0.0000,0.0000,12.9970
1971,0.0000,0.0000,12.6320
1972,0.0000,0.0000,12.1650
1973,0.0000,0.0000,11.7180
1974,0.0000,0.0000,11.3140
1975,0.0000,0.0080,11.1460
1976,0.1590,0.1910,14.0160
1977,0.3990,0.4680,18.0560
1978,0.5860,0.7220,21.8280
1979,0.7150,0.9250,24.4060
1980,0.7880,1.0580,26.4350
1981,0.8110,1.1100,27.9520
1982,0.7880,1.0760,28.9390
1983,0.7180,0.9580,29.2800
1984,0.5950,0.7660,29.1050
1985,0.4180,0.5180,28.3660
1986,0.1900,0.2380,26.7690
1987,0.0080,0.0280,23.1870
1988,0.0000,0.0000,20.5490
1989,0.0000,0.0000,19.3320
1990,0.0000,0.0000,18.4230
1991,0.0000,0.0000,17.4590
1992,0.0000,0.0000,15.9820
1993,0.0000,0.0000,15.0740
1994,0.0000,0.0000,14.2900
1995,0.0000,0.0000,13.6280
1996,0.0000,0.0000,12.9730
1997,0.0000,0.0000,12.5820
1998,0.0000,0.0000,12.3310
1999,0.0000,0.0080,12.1700
2000,0.1630,0.1960,15.1940
2001,0.3990,0.4710,19.4580
2002,0.5850,0.7280,23.4130
2003,0.7120,0.9310,26.2410
2004,0.7840,1.0660,28.5530
2005,0.8070,1.1190,30.3150
2006,0.7840,1.0860,31.4330
2007,0.7160,0.9700,31.8250
2008,0.5970,0.7810,31.5350
2009,0.4240,0.5320,30.4910
2010,0.2020,0.2540,28.5410
2011,0.0100,0.0290,24.0850
2012,0.0000,0.0000,20.5610
2013,0.0000,0.0000,18.6120
2014,0.0000,0.0000,16.8640
2015,0.0000,0.0000,15.6340
2016,0.0000,0.0000,14.6210
2017,0.0000,0.0000,13.4580
2018,0.0000,0.0000,12.1380
2019,0.0000,0.0000,10.8710
2020,0.0000,0.0000,9.8640
2021,0.0000,0.0000,9.0690
2022,0.0000,0.0000,8.4800
2023,0.0000,0.0090,8.2070
2024,0.1860,0.2180,11.6470
2025,0.4350,0.5090,17.1040
2026,0.6230,0.7740,21.9760
2027,0.7490,0.9840,25.0700
2028,0.8180,1.1180,27.4470
2029,0.8360,1.1640,29.1470
2030,0.8100,1.1230,30.1460
2031,0.7370,0.9970,30.4600
2032,0.6140,0.7990,30.1540
2033,0.4370,0.5440,29.0770
2034,0.2120,0.2640,26.9830
2035,0.0110,0.0310,22.6550
2036,0.0000,0.0000,18.7290
2037,0.0000,0.0000,16.5150
2038,0.0000,0.0000,15.2320
2039,0.0000,0.0000,14.2830
2040,0.0000,0.0000,13.2220
2041,0.0000,0.0000,11.9880
2042,0.0000,0.0000,10.9830
2043,0.0000,0.0000,9.9850
2044,0.0000,0.0000,9.1000
2045,0.0000,0.0000,8.4660
2046,0.0000,0.0000,7.6800
2047,0.0000,0.0090,7.4000
2048,0.1840,0.2150,10.6550
2049,0.4280,0.4990,16.2560
2050,0.6140,0.7580,21.1970
2051,0.7390,0.9640,24.5850
2052,0.8090,1.0990,27.1030
2053,0.8300,1.1500,28.8770
2054,0.8060,1.1150,29.9700
2055,0.7370,0.9970,30.3820
2056,0.6170,0.8050,30.2150
2057,0.4440,0.5550,29.2850
2058,0.2220,0.2750,27.3670
2059,0.0130,0.0340,23.0290
2060,0.0000,0.0000,19.1430
2061,0.0000,0.0000,17.0460
2062,0.0000,0.0000,15.5690
2063,0.0000,0.0000,14.5900
2064,0.0000,0.0000,13.7240
2065,0.0000,0.0000,12.9630
2066,0.0000,0.0000,12.3000
2067,0.0000,0.0000,11.7100
2068,0.0000,0.0000,11.1050
2069,0.0000,0.0000,10.2360
2070,0.0000,0.0000,9.5020
2071,0.0000,0.0100,9.0230
2072,0.1740,0.2060,12.9240
2073,0.4140,0.4850,17.9290
2074,0.6000,0.7430,22.2380
2075,0.7270,0.9500,25.2530
2076,0.7980,1.0840,27.5750
2077,0.8190,1.1340,29.2790
2078,0.7940,1.0960,30.3140
2079,0.7220,0.9730,30.6510
2080,0.6000,0.7780,30.3700
2081,0.4240,0.5280,29.4350
2082,0.2040,0.2540,27.5590
2083,0.0110,0.0310,23.2100
2084,0.0000,0.0000,19.6590
2085,0.0000,0.0000,17.9810
2086,0.0000,0.0000,16.9950
2087,0.0000,0.0000,16.0980
2088,0.0000,0.0000,15.5490
2089,0.0000,0.0000,14.5400
2090,0.0000,0.0000,13.1810
2091,0.0000,0.0000,12.2470
2092,0.0000,0.0000,11.6940
2093,0.0000,0.0000,11.2000
2094,0.0000,0.0000,10.7730
2095,0.0000,0.0100,10.5490
2096,0.1720,0.2050,13.7740
2097,0.4100,0.4810,18.1230
2098,0.5930,0.7360,22.7810
2099,0.7170,0.9380,25.9220
2100,0.7880,1.0700,28.2580
2101,0.8090,1.1200,29.8840
2102,0.7850,1.0830,30.7380
2103,0.7140,0.9630,30.8260
2104,0.5940,0.7700,30.3120
2105,0.4220,0.5260,29.2450
2106,0.2050,0.2560,27.4690
2107,0.0120,0.0320,23.6900
2108,0.0000,0.0000,20.1770
2109,0.0000,0.0000,18.6110
2110,0.0000,0.0000,17.3230
2111,0.0000,0.0000,16.2030
2112,0.0000,0.0000,15.1460
2113,0.0000,0.0000,14.2220
2114,0.0000,0.0000,13.4310
2115,0.0000,0.0000,12.7490
2116,0.0000,0.0000,12.2640
2117,0.0000,0.0000,11.9230
2118,0.0000,0.0000,11.5980
2119,0.0000,0.0110,11.4590
2120,0.1650,0.1980,14.3280
2121,0.3980,0.4680,18.7670
2122,0.5820,0.7200,22.6870
2123,0.7080,0.9210,25.5200
2124,0.7790,1.0520,27.7210
2125,0.8010,1.1010,29.2750
2126,0.7780,1.0670,30.1580
2127,0.7090,0.9500,30.3620
2128,0.5850,0.7560,29.9750
2129,0.4100,0.5100,28.9750
2130,0.1910,0.2390,27.2720
2131,0.0110,0.0310,23.4470
2132,0.0000,0.0000,20.0200
2133,0.0000,0.0000,18.7030
2134,0.0000,0.0000,17.7880
2135,0.0000,0.0000,16.9650
2136,0.0000,0.0000,16.1250
2137,0.0000,0.0000,15.5110
2138,0.0000,0.0000,14.5920
2139,0.0000,0.0000,13.5250
2140,0.0000,0.0000,12.7040
2141,0.0000,0.0000,12.1350
2142,0.0000,0.0000,11.6150
2143,0.0000,0.0110,11.3830
2144,0.1580,0.1920,15.4180
2145,0.3860,0.4570,20.1030
2146,0.5700,0.7060,23.6950
2147,0.6970,0.9060,26.0420
2148,0.7700,1.0370,27.7840
2149,0.7930,1.0850,28.9680
2150,0.7710,1.0500,29.6190
2151,0.7030,0.9370,29.7140
2152,0.5780,0.7420,29.3960
2153,0.4070,0.5050,28.6180
2154,0.1970,0.2470,27.1950
2155,0.0120,0.0330,23.5780
2156,0.0000,0.0000,20.1940
2157,0.0000,0.0000,18.6330
2158,0.0000,0.0000,17.1900
2159,0.0000,0.0000,15.9460
2160,0.0000,0.0000,15.0520
2161,0.0000,0.0000,14.3980
2162,0.0000,0.0000,13.6360
2163,0.0000,0.0000,12.9880
2164,0.0000,0.0000,12.4600
2165,0.0000,0.0000,12.1190
2166,0.0000,0.0000,11.8390
2167,0.0000,0.0110,11.7960
2168,0.1610,0.1940,15.2440
2169,0.3980,0.4710,19.4820
2170,0.5840,0.7230,22.7500
2171,0.7110,0.9240,25.1080
2172,0.7840,1.0550,27.0440
2173,0.8060,1.1030,28.4800
2174,0.7830,1.0690,29.3270
2175,0.7140,0.9530,29.5810
2176,0.5940,0.7660,29.2680
2177,0.4230,0.5240,28.3500
2178,0.2020,0.2510,26.7000
2179,0.0130,0.0340,23.3020
2180,0.0000,0.0000,19.6740
2181,0.0000,0.0000,18.1400
2182,0.0000,0.0000,16.9850
2183,0.0000,0.0000,15.9350
2184,0.0000,0.0000,14.8420
2185,0.0000,0.0000,13.9320
2186,0.0000,0.0000,13.3550
2187,0.0000,0.0000,12.9810
2188,0.0000,0.0000,12.6720
2189,0.0000,0.0000,12.3280
2190,0.0000,0.0000,11.8850
2191,0.0000,0.0120,11.6450
2192,0.1660,0.1990,14.7650
2193,0.3990,0.4700,19.0500
2194,0.5820,0.7210,22.8910
2195,0.7090,0.9210,25.4060
2196,0.7810,1.0520,27.3170
2197,0.8040,1.1020,28.7060
2198,0.7820,1.0690,29.5470
2199,0.7130,0.9530,29.7700
2200,0.5880,0.7570,29.4190
2201,0.4110,0.5090,28.4390
2202,0.1980,0.2470,26.8180
2203,0.0130,0.0330,23.6230
2204,0.0000,0.0000,20.4580
2205,0.0000,0.0000,19.0200
2206,0.0000,0.0000,17.6250
2207,0.0000,0.0000,16.1870
2208,0.0000,0.0000,14.9300
2209,0.0000,0.0000,14.0230
2210,0.0000,0.0000,13.5160
2211,0.0000,0.0000,13.1990
2212,0.0000,0.0000,12.7710
2213,0.0000,0.0000,12.3410
2214,0.0000,0.0000,11.9500
2215,0.0000,0.0120,11.7750
2216,0.1630,0.1960,14.8220
2217,0.3920,0.4610,19.0150
2218,0.5750,0.7090,22.4760
2219,0.7010,0.9070,24.8770
2220,0.7710,1.0320,26.7910
2221,0.7880,1.0700,28.1880
2222,0.7610,1.0290,29.0220
2223,0.6890,0.9110,29.2930
2224,0.5750,0.7360,28.9920
2225,0.4050,0.5010,28.0850
2226,0.1960,0.2440,26.5320
2227,0.0130,0.0340,23.1890
2228,0.0000,0.0000,19.8440
2229,0.0000,0.0000,18.5790
2230,0.0000,0.0000,17.5570
2231,0.0000,0.0000,16.5010
2232,0.0000,0.0000,15.6100
2233,0.0000,0.0000,14.8950
2234,0.0000,0.0000,14.4800
2235,0.0000,0.0000,14.2200
2236,0.0000,0.0000,13.7540
2237,0.0000,0.0000,12.8400
2238,0.0000,0.0000,11.8680
2239,0.0000,0.0120,11.3420
2240,0.1620,0.1950,14.7840
2241,0.3880,0.4580,19.4680
2242,0.5700,0.7070,23.4980
2243,0.6980,0.9070,25.9630
2244,0.7710,1.0390,27.7350
2245,0.7930,1.0860,28.9410
2246,0.7690,1.0470,29.5760
2247,0.6960,0.9250,29.6450
2248,0.5680,0.7270,29.1020
2249,0.3780,0.4660,27.9080
2250,0.1730,0.2170,26.1530
2251,0.0110,0.0310,23.1710
2252,0.0000,0.0000,20.2330
2253,0.0000,0.0000,18.8840
2254,0.0000,0.0000,17.7040
2255,0.0000,0.0000,16.7350
2256,0.0000,0.0000,15.8240
2257,0.0000,0.0000,15.4030
2258,0.0000,0.0000,14.6290
2259,0.0000,0.0000,13.4020
2260,0.0000,0.0000,12.8740
2261,0.0000,0.0000,12.5850
2262,0.0000,0.0000,12.4940
2263,0.0000,0.0110,12.4580
2264,0.1420,0.1740,15.0050
2265,0.3770,0.4440,19.2200
2266,0.5590,0.6880,22.7500
2267,0.6850,0.8820,25.1470
2268,0.7590,1.0110,26.9090
2269,0.7740,1.0450,28.0250
2270,0.7200,0.9570,28.4080
2271,0.5800,0.7400,27.9550
2272,0.4060,0.5000,27.0050
2273,0.2970,0.3620,26.2500
2274,0.1600,0.2020,25.2270
2275,0.0130,0.0340,22.1850
2276,0.0000,0.0000,19.5800
2277,0.0000,0.0000,18.9070
2278,0.0000,0.0000,18.2840
2279,0.0000,0.0000,17.6770
2280,0.0000,0.0000,16.4230
2281,0.0000,0.0000,15.3550
2282,0.0000,0.0000,14.7280
2283,0.0000,0.0000,14.2050
2284,0.0000,0.0000,13.7400
2285,0.0000,0.0000,13.3610
2286,0.0000,0.0000,13.1190
2287,0.0000,0.0140,13.0240
2288,0.1510,0.1840,15.9440
2289,0.3520,0.4160,20.1470
2290,0.5040,0.6160,23.4440
2291,0.6110,0.7720,25.3660
2292,0.6550,0.8450,26.6390
2293,0.5760,0.7270,26.8240
2294,0.5020,0.6240,26.5660
2295,0.4170,0.5100,26.0440
2296,0.3100,0.3760,25.3880
2297,0.2610,0.3180,25.0890
2298,0.1790,0.2240,24.4630
2299,0.0150,0.0360,21.6600
2300,0.0000,0.0000,18.3000
2301,0.0000,0.0000,17.6870
2302,0.0000,0.0000,17.2580
2303,0.0000,0.0000,16.4980
2304,0.0000,0.0000,15.9320
2305,0.0000,0.0000,15.8090
2306,0.0000,0.0000,15.3690
2307,0.0000,0.0000,14.7450
2308,0.0000,0.0000,14.3980
2309,0.0000,0.0000,14.1810
2310,0.0000,0.0000,13.9300
2311,0.0000,0.0130,13.8200
2312,0.1340,0.1660,16.1610
2313,0.2810,0.3320,19.4100
2314,0.3950,0.4710,21.8360
2315,0.5340,0.6580,23.9030
2316,0.6900,0.8950,26.0510
2317,0.7680,1.0330,27.7930
2318,0.7660,1.0360,28.8640
2319,0.7060,0.9390,29.2800
2320,0.5900,0.7580,29.0590
2321,0.4170,0.5160,28.1940
2322,0.1990,0.2470,26.6280
2323,0.0150,0.0360,23.1510
2324,0.0000,0.0000,19.5970
2325,0.0000,0.0000,18.2580
2326,0.0000,0.0000,17.0610
2327,0.0000,0.0000,15.9770
2328,0.0000,0.0000,15.1000
2329,0.0000,0.0000,14.6730
2330,0.0000,0.0000,14.3710
2331,0.0000,0.0000,13.8180
2332,0.0000,0.0000,12.8320
2333,0.0000,0.0000,11.8350
2334,0.0000,0.0000,11.0740
2335,0.0000,0.0140,10.9500
2336,0.1630,0.1970,15.2400
2337,0.3860,0.4570,19.9100
2338,0.5670,0.7030,23.6170
2339,0.6930,0.9010,26.1910
2340,0.7670,1.0330,28.0420
2341,0.7910,1.0830,29.2390
2342,0.7700,1.0500,29.8260
2343,0.7020,0.9350,29.7560
2344,0.5870,0.7540,29.1800
2345,0.4020,0.4950,28.0260
2346,0.1950,0.2430,26.3540
2347,0.0160,0.0370,23.1020
2348,0.0000,0.0000,19.6830
2349,0.0000,0.0000,18.5090
2350,0.0000,0.0000,17.4790
2351,0.0000,0.0000,16.6130
2352,0.0000,0.0000,15.8110
2353,0.0000,0.0000,14.9190
2354,0.0000,0.0000,13.8630
2355,0.0000,0.0000,12.9240
2356,0.0000,0.0000,12.5330
2357,0.0000,0.0000,12.3760
2358,0.0000,0.0000,12.1390
2359,0.0000,0.0140,12.1720
2360,0.1460,0.1790,15.0700
2361,0.3800,0.4460,18.6980
2362,0.5510,0.6760,22.2330
2363,0.6650,0.8500,24.7080
2364,0.7340,0.9690,26.6010
2365,0.7430,0.9920,27.8750
2366,0.7190,0.9560,28.5950
2367,0.6430,0.8350,28.6020
2368,0.5210,0.6570,28.1210
2369,0.3620,0.4440,27.2830
2370,0.1860,0.2330,26.0320
2371,0.0150,0.0360,23.2550
2372,0.0000,0.0000,20.2760
2373,0.0000,0.0000,18.9040
2374,0.0000,0.0000,17.8920
2375,0.0000,0.0000,17.0920
2376,0.0000,0.0000,16.2280
2377,0.0000,0.0000,15.4300
2378,0.0000,0.0000,14.4490
2379,0.0000,0.0000,13.6070
2380,0.0000,0.0000,13.0730
2381,0.0000,0.0000,12.5750
2382,0.0000,0.0000,11.9760
2383,0.0000,0.0140,11.7010
2384,0.1740,0.2080,15.0200
2385,0.4040,0.4770,19.5590
2386,0.5860,0.7290,23.4160
2387,0.7130,0.9300,25.8860
2388,0.7850,1.0620,27.8150
2389,0.8060,1.1090,29.1990
2390,0.7830,1.0750,29.9120
2391,0.7150,0.9570,29.9260
2392,0.5970,0.7700,29.4560
2393,0.4270,0.5290,28.4300
2394,0.2130,0.2640,26.7460
2395,0.0160,0.0370,23.5410
2396,0.0000,0.0000,19.6610
2397,0.0000,0.0000,18.0090
2398,0.0000,0.0000,16.6700
2399,0.0000,0.0000,15.6760
2400,0.0000,0.0000,14.7400
2401,0.0000,0.0000,13.9120
2402,0.0000,0.0000,13.3040
2403,0.0000,0.0000,12.8200
2404,0.0000,0.0000,12.5200
2405,0.0000,0.0000,11.9360
2406,0.0000,0.0000,11.2740
2407,0.0000,0.0140,11.0930
2408,0.1800,0.2150,15.0780
2409,0.4090,0.4850,20.0800
2410,0.5900,0.7370,24.0510
2411,0.7160,0.9380,26.4710
2412,0.7870,1.0700,28.2970
2413,0.8110,1.1200,29.5440
2414,0.7890,1.0850,30.2060
2415,0.7200,0.9690,30.3020
2416,0.6010,0.7780,29.8630
2417,0.4310,0.5360,28.8180
2418,0.2170,0.2690,27.0370
2419,0.0170,0.0380,23.2800
2420,0.0000,0.0000,19.1170
2421,0.0000,0.0000,17.6200
2422,0.0000,0.0000,16.4180
2423,0.0000,0.0000,15.4760
2424,0.0000,0.0000,14.5500
2425,0.0000,0.0000,13.9040
2426,0.0000,0.0000,13.5580
2427,0.0000,0.0000,13.1050
2428,0.0000,0.0000,12.3800
2429,0.0000,0.0000,11.6540
2430,0.0000,0.0000,10.9110
2431,0.0000,0.0140,10.6450
2432,0.1820,0.2170,14.7120
2433,0.4140,0.4900,19.5760
2434,0.5980,0.7420,22.8690
2435,0.7240,0.9440,25.1900
2436,0.7950,1.0760,27.2320
2437,0.8170,1.1260,28.8680
2438,0.7930,1.0910,29.9020
2439,0.7250,0.9780,30.3200
2440,0.6090,0.7920,30.0450
2441,0.4430,0.5530,29.0650
2442,0.2270,0.2820,27.3220
2443,0.0180,0.0400,23.6450
2444,0.0000,0.0000,19.6430
2445,0.0000,0.0000,18.4240
2446,0.0000,0.0000,17.3120
2447,0.0000,0.0000,15.5920
2448,0.0000,0.0000,14.1650
2449,0.0000,0.0000,13.2230
2450,0.0000,0.0000,12.6150
2451,0.0000,0.0000,12.0990
2452,0.0000,0.0000,11.4210
2453,0.0000,0.0000,10.6270
2454,0.0000,0.0000,10.0540
2455,0.0000,0.0160,10.0300
2456,0.1280,0.1570,12.8490
2457,0.3280,0.3810,16.6230
2458,0.5300,0.6420,20.9880
2459,0.6860,0.8810,24.5110
2460,0.7690,1.0300,27.1780
2461,0.7910,1.0800,28.8460
2462,0.7680,1.0470,29.7250
2463,0.7010,0.9340,29.9250
2464,0.5950,0.7680,29.6650
2465,0.4200,0.5210,28.6430
2466,0.2090,0.2590,26.8430
2467,0.0170,0.0390,22.7640
2468,0.0000,0.0000,18.5870
2469,0.0000,0.0000,17.1920
2470,0.0000,0.0000,16.0910
2471,0.0000,0.0000,15.1360
2472,0.0000,0.0000,14.4410
2473,0.0000,0.0000,13.8340
2474,0.0000,0.0000,13.1490
2475,0.0000,0.0000,12.0630
2476,0.0000,0.0000,11.0950
2477,0.0000,0.0000,10.3630
2478,0.0000,0.0000,10.0070
2479,0.0010,0.0160,10.0830
2480,0.1730,0.2060,14.2400
2481,0.3970,0.4670,18.9890
2482,0.5770,0.7140,23.0470
2483,0.7020,0.9130,25.9130
2484,0.7730,1.0420,27.9000
2485,0.7890,1.0780,29.1110
2486,0.7670,1.0440,29.6590
2487,0.6980,0.9290,29.6980
2488,0.5760,0.7390,29.4370
2489,0.4070,0.5050,28.7610
2490,0.2000,0.2500,27.4060
2491,0.0170,0.0390,23.4330
2492,0.0000,0.0000,19.8890
2493,0.0000,0.0000,18.8150
2494,0.0000,0.0000,17.6080
2495,0.0000,0.0000,15.9830
2496,0.0000,0.0000,14.4640
2497,0.0000,0.0000,13.3880
2498,0.0000,0.0000,12.6000
2499,0.0000,0.0000,12.0750
2500,0.0000,0.0000,11.7980
2501,0.0000,0.0000,11.6310
2502,0.0000,0.0000,11.3380
2503,0.0010,0.0160,11.2500
2504,0.1650,0.1980,14.5590
2505,0.3860,0.4540,18.7060
2506,0.5680,0.6990,22.6240
2507,0.6930,0.8980,25.6400
2508,0.7640,1.0280,27.8900
2509,0.7780,1.0620,29.4390
2510,0.7560,1.0290,30.3830
2511,0.6870,0.9170,30.7300
2512,0.5650,0.7280,30.5080
2513,0.3960,0.4940,29.6870
2514,0.1940,0.2440,28.1220
2515,0.0160,0.0370,24.5250
2516,0.0000,0.0000,20.8440
2517,0.0000,0.0000,19.2480
2518,0.0000,0.0000,17.9300
2519,0.0000,0.0000,16.6350
2520,0.0000,0.0000,15.5480
2521,0.0000,0.0000,14.5920
2522,0.0000,0.0000,13.8090
2523,0.0000,0.0000,13.1160
2524,0.0000,0.0000,12.5370
2525,0.0000,0.0000,12.1060
2526,0.0000,0.0000,11.8180
2527,0.0010,0.0170,11.9620
2528,0.1640,0.1990,15.6930
2529,0.3840,0.4540,19.9980
2530,0.5620,0.6970,23.8550
2531,0.6870,0.8930,26.6300
2532,0.7580,1.0230,28.8070
2533,0.7820,1.0760,30.4030
2534,0.7600,1.0440,31.3580
2535,0.6920,0.9300,31.7190
2536,0.5750,0.7470,31.4950
2537,0.4090,0.5120,30.6570
2538,0.2030,0.2560,29.0380
2539,0.0180,0.0400,25.4270
2540,0.0000,0.0000,21.4250
2541,0.0000,0.0000,19.9360
2542,0.0000,0.0000,18.7980
2543,0.0000,0.0000,17.7350
2544,0.0000,0.0000,16.6460
2545,0.0000,0.0000,15.6160
2546,0.0000,0.0000,14.8590
2547,0.0000,0.0000,14.4060
2548,0.0000,0.0000,14.0900
2549,0.0000,0.0000,13.8270
2550,0.0000,0.0000,13.5920
2551,0.0020,0.0170,13.7270
2552,0.1640,0.1990,17.1200
2553,0.3780,0.4500,21.4590
2554,0.5540,0.6910,25.1590
2555,0.6770,0.8830,27.7490
2556,0.7470,1.0100,29.8070
2557,0.7660,1.0540,31.2840
2558,0.7430,1.0200,32.1560
2559,0.6740,0.9050,32.3830
2560,0.5570,0.7220,31.9000
2561,0.3800,0.4740,30.6690
2562,0.1870,0.2370,28.8290
2563,0.0160,0.0380,25.7300
2564,0.0000,0.0000,21.9690
2565,0.0000,0.0000,20.2050
2566,0.0000,0.0000,18.8380
2567,0.0000,0.0000,18.0970
2568,0.0000,0.0000,17.5310
2569,0.0000,0.0000,16.9310
2570,0.0000,0.0000,16.4230
2571,0.0000,0.0000,15.9310
2572,0.0000,0.0000,15.3650
2573,0.0000,0.0000,14.7210
2574,0.0000,0.0000,14.0190
2575,0.0020,0.0180,13.7950
2576,0.1710,0.2070,17.3790
2577,0.3890,0.4660,22.1960
2578,0.5660,0.7120,26.4930
2579,0.6880,0.9100,29.3860
2580,0.7570,1.0400,31.5660
2581,0.7790,1.0890,33.0440
2582,0.7570,1.0550,33.8560
2583,0.6900,0.9410,34.0530
2584,0.5750,0.7560,33.7030
2585,0.4120,0.5220,32.7350
2586,0.2090,0.2640,31.0010
2587,0.0190,0.0420,27.3000
2588,0.0000,0.0000,22.8180
2589,0.0000,0.0000,20.8830
2590,0.0000,0.0000,19.6940
2591,0.0000,0.0000,18.3120
2592,0.0000,0.0000,17.3980
2593,0.0000,0.0000,16.6820
2594,0.0000,0.0000,15.8950
2595,0.0000,0.0000,14.9320
2596,0.0000,0.0000,13.8480
2597,0.0000,0.0000,13.1040
2598,0.0000,0.0000,12.3550
2599,0.0020,0.0180,11.9620
2600,0.1710,0.2040,14.5190
2601,0.3890,0.4580,18.7240
2602,0.5630,0.6920,22.2550
2603,0.6880,0.8870,24.9490
2604,0.7590,1.0130,27.1280
2605,0.7810,1.0610,28.6490
2606,0.7590,1.0290,29.5220
2607,0.6890,0.9140,29.8000
2608,0.5680,0.7270,29.4840
2609,0.3940,0.4880,28.5640
2610,0.1870,0.2340,26.9370
2611,0.0160,0.0380,24.3750
2612,0.0000,0.0000,21.9210
2613,0.0000,0.0000,20.5880
2614,0.0000,0.0000,19.0800
2615,0.0000,0.0000,17.7780
2616,0.0000,0.0000,16.4220
2617,0.0000,0.0000,15.3770
2618,0.0000,0.0000,14.5440
2619,0.0000,0.0000,13.8880
2620,0.0000,0.0000,13.0410
2621,0.0000,0.0000,12.1460
2622,0.0000,0.0000,11.4160
2623,0.0020,0.0190,11.5320
2624,0.1740,0.2090,15.4200
2625,0.3920,0.4640,20.0230
2626,0.5700,0.7070,23.6460
2627,0.6930,0.9020,26.3280
2628,0.7640,1.0310,28.4090
2629,0.7850,1.0780,29.9510
2630,0.7620,1.0430,30.8840
2631,0.6890,0.9210,31.1010
2632,0.5630,0.7260,30.7380
2633,0.3950,0.4910,29.7930
2634,0.1950,0.2460,28.2240
2635,0.0180,0.0400,25.2980
2636,0.0000,0.0000,22.0990
2637,0.0000,0.0000,20.5860
2638,0.0000,0.0000,19.2870
2639,0.0000,0.0000,17.6120
2640,0.0000,0.0000,16.0990
2641,0.0000,0.0000,15.2480
2642,0.0000,0.0000,14.3780
2643,0.0000,0.0000,13.5040
2644,0.0000,0.0000,12.8990
2645,0.0000,0.0000,12.6510
2646,0.0000,0.0000,12.5530
2647,0.0020,0.0190,12.8060
2648,0.1770,0.2120,16.5200
2649,0.3950,0.4700,20.6790
2650,0.5710,0.7110,24.1990
2651,0.6930,0.9050,26.9140
2652,0.7600,1.0290,29.1140
2653,0.7810,1.0750,30.6910
2654,0.7570,1.0400,31.5880
2655,0.6890,0.9260,31.7420
2656,0.5730,0.7430,31.3030
2657,0.4060,0.5070,30.2480
2658,0.1990,0.2510,28.4940
2659,0.0200,0.0430,25.5670
2660,0.0000,0.0000,21.8070
2661,0.0000,0.0000,20.3930
2662,0.0000,0.0000,19.6210
2663,0.0000,0.0000,18.7820
2664,0.0000,0.0000,18.0670
2665,0.0000,0.0000,17.4290
2666,0.0000,0.0000,16.5080
2667,0.0000,0.0000,15.4790
2668,0.0000,0.0000,14.7410
2669,0.0000,0.0000,14.3570
2670,0.0000,0.0000,14.2080
2671,0.0030,0.0190,14.4180
2672,0.1700,0.2070,17.7710
2673,0.3820,0.4570,21.8700
2674,0.5560,0.6940,25.5250
2675,0.6770,0.8870,28.1950
2676,0.7460,1.0120,30.2370
2677,0.7660,1.0560,31.5710
2678,0.7410,1.0150,32.1860
2679,0.6780,0.9100,32.1040
2680,0.5450,0.7030,31.2690
2681,0.3740,0.4640,29.8400
2682,0.1790,0.2260,27.8900
2683,0.0170,0.0400,24.8990
2684,0.0000,0.0000,21.8820
2685,0.0000,0.0000,20.7350
2686,0.0000,0.0000,19.7270
2687,0.0000,0.0000,18.8670
2688,0.0000,0.0000,17.9850
2689,0.0000,0.0000,16.9930
2690,0.0000,0.0000,15.8740
2691,0.0000,0.0000,14.9380
2692,0.0000,0.0000,14.2220
2693,0.0000,0.0000,13.6680
2694,0.0000,0.0000,13.2740
2695,0.0030,0.0200,13.4130
2696,0.1640,0.1990,16.5770
2697,0.3720,0.4410,20.8020
2698,0.5460,0.6780,24.4860
2699,0.6700,0.8690,27.0620
2700,0.7410,0.9950,29.0290
2701,0.7670,1.0480,30.3330
2702,0.7450,1.0160,30.9870
2703,0.6720,0.8950,31.0530
2704,0.5560,0.7160,30.7070
2705,0.3940,0.4900,29.8650
2706,0.2010,0.2520,28.4610
2707,0.0210,0.0440,25.2370
2708,0.0000,0.0000,21.2580
2709,0.0000,0.0000,19.8450
2710,0.0000,0.0000,18.7400
2711,0.0000,0.0000,18.1460
2712,0.0000,0.0000,17.4480
2713,0.0000,0.0000,16.2040
2714,0.0000,0.0000,15.1870
2715,0.0000,0.0000,14.3640
2716,0.0000,0.0000,13.6670
2717,0.0000,0.0000,13.0620
2718,0.0000,0.0000,12.7250
2719,0.0040,0.0210,12.9560
2720,0.1560,0.1900,16.2710
2721,0.3540,0.4200,20.6170
2722,0.5230,0.6450,24.1860
2723,0.6380,0.8180,26.5740
2724,0.7130,0.9470,28.5070
2725,0.7480,1.0130,30.0300
2726,0.7380,1.0030,31.0580
2727,0.6760,0.9030,31.4540
2728,0.5590,0.7230,31.1770
2729,0.3810,0.4750,30.1240
2730,0.1670,0.2130,28.3330
2731,0.0160,0.0370,25.3420
2732,0.0000,0.0000,21.8830
2733,0.0000,0.0000,20.0920
2734,0.0000,0.0000,18.6830
2735,0.0000,0.0000,17.9060
2736,0.0000,0.0000,17.5230
2737,0.0000,0.0000,17.0240
2738,0.0000,0.0000,16.3390
2739,0.0000,0.0000,15.6240
2740,0.0000,0.0000,14.8950
2741,0.0000,0.0000,14.0590
2742,0.0000,0.0000,13.2780
2743,0.0040,0.0210,13.0960
2744,0.1630,0.1970,16.8980
2745,0.3590,0.4270,21.2290
2746,0.5320,0.6600,24.8910
2747,0.6520,0.8420,27.3410
2748,0.7220,0.9650,29.2420
2749,0.7450,1.0120,30.5290
2750,0.7250,0.9830,31.2420
2751,0.6650,0.8860,31.4160
2752,0.5610,0.7240,31.1680
2753,0.4030,0.5040,30.3490
2754,0.2030,0.2560,28.8040
2755,0.0220,0.0450,25.6360
2756,0.0000,0.0000,21.6130
2757,0.0000,0.0000,20.4650
2758,0.0000,0.0000,19.3140
2759,0.0000,0.0000,18.4710
2760,0.0000,0.0000,17.3740
2761,0.0000,0.0000,16.5510
2762,0.0000,0.0000,16.1360
2763,0.0000,0.0000,15.4990
2764,0.0000,0.0000,14.7660
2765,0.0000,0.0000,13.9840
2766,0.0000,0.0000,13.7070
2767,0.0040,0.0200,14.1240
2768,0.1460,0.1810,17.7340
2769,0.3500,0.4160,21.6000
2770,0.5290,0.6550,24.7460
2771,0.6550,0.8480,27.2360
2772,0.7270,0.9740,29.2430
2773,0.7540,1.0290,30.6720
2774,0.7310,0.9940,31.4790
2775,0.6570,0.8740,31.6110
2776,0.5240,0.6700,31.1350
2777,0.3580,0.4450,30.1240
2778,0.1610,0.2060,28.4380
2779,0.0130,0.0340,25.9110
2780,0.0000,0.0000,23.5550
2781,0.0000,0.0000,22.7690
2782,0.0000,0.0000,21.4730
2783,0.0000,0.0000,20.0740
2784,0.0000,0.0000,18.4290
2785,0.0000,0.0000,16.9210
2786,0.0000,0.0000,15.8690
2787,0.0000,0.0000,15.0980
2788,0.0000,0.0000,14.7050
2789,0.0000,0.0000,14.2300
2790,0.0000,0.0000,13.5470
2791,0.0050,0.0220,13.4750
2792,0.1650,0.2000,16.8160
2793,0.3710,0.4400,20.8850
2794,0.5430,0.6730,24.4740
2795,0.6640,0.8600,27.1130
2796,0.7320,0.9820,29.1800
2797,0.7460,1.0140,30.6300
2798,0.7150,0.9660,31.4480
2799,0.6520,0.8660,31.6800
2800,0.5090,0.6510,31.0780
2801,0.3460,0.4300,29.9840
2802,0.1680,0.2150,28.4510
2803,0.0210,0.0440,25.6000
2804,0.0000,0.0000,22.2680
2805,0.0000,0.0000,20.9320
2806,0.0000,0.0000,19.7270
2807,0.0000,0.0000,18.5100
2808,0.0000,0.0000,17.3010
2809,0.0000,0.0000,16.5250
2810,0.0000,0.0000,15.9310
2811,0.0000,0.0000,15.2330
2812,0.0000,0.0000,14.7750
2813,0.0000,0.0000,14.6670
2814,0.0000,0.0000,14.5500
2815,0.0040,0.0210,14.8310
2816,0.1240,0.1570,17.7060
2817,0.2950,0.3520,21.3490
2818,0.4510,0.5520,24.8950
2819,0.5610,0.7090,27.1950
2820,0.6350,0.8260,29.0410
2821,0.6720,0.8910,30.4600
2822,0.6720,0.8950,31.3320
2823,0.5760,0.7480,31.2380
2824,0.4040,0.5040,30.1220
2825,0.2210,0.2750,28.4810
2826,0.0920,0.1270,26.8330
2827,0.0090,0.0290,24.7090
2828,0.0000,0.0000,22.1860
2829,0.0000,0.0000,20.7140
2830,0.0000,0.0000,19.7230
2831,0.0000,0.0000,19.1960
2832,0.0000,0.0000,18.6210
2833,0.0000,0.0000,17.9000
2834,0.0000,0.0000,17.0330
2835,0.0000,0.0000,16.3810
2836,0.0000,0.0000,15.9260
2837,0.0000,0.0000,15.3650
2838,0.0000,0.0000,14.8360
2839,0.0040,0.0210,14.9960
2840,0.1190,0.1520,18.0030
2841,0.2780,0.3320,21.7020
2842,0.4270,0.5200,25.1330
2843,0.5390,0.6780,27.3780
2844,0.6010,0.7750,29.0030
2845,0.6480,0.8520,30.2980
2846,0.5740,0.7420,30.5390
2847,0.4680,0.5880,30.0370
2848,0.3330,0.4110,28.9210
2849,0.1900,0.2380,27.3230
2850,0.0700,0.1020,25.5120
2851,0.0040,0.0210,23.2780
2852,0.0000,0.0000,21.5060
2853,0.0000,0.0000,20.6090
2854,0.0000,0.0000,19.8840
2855,0.0000,0.0000,18.9600
2856,0.0000,0.0000,18.1590
2857,0.0000,0.0000,17.4270
2858,0.0000,0.0000,16.8310
2859,0.0000,0.0000,16.3750
2860,0.0000,0.0000,15.9640
2861,0.0000,0.0000,15.3550
2862,0.0000,0.0000,14.8630
2863,0.0050,0.0230,15.0880
2864,0.1520,0.1870,17.9560
2865,0.3540,0.4210,21.7890
2866,0.5210,0.6470,25.5970
2867,0.6400,0.8290,28.1620
2868,0.7080,0.9480,30.1150
2869,0.7380,1.0080,31.6190
2870,0.6960,0.9410,32.4140
2871,0.5940,0.7790,32.3920
2872,0.4310,0.5440,31.4130
2873,0.2510,0.3130,29.7420
2874,0.1040,0.1410,27.8080
2875,0.0080,0.0280,25.6290
2876,0.0000,0.0000,23.4570
2877,0.0000,0.0000,21.9640
2878,0.0000,0.0000,20.5930
2879,0.0000,0.0000,19.5920
2880,0.0000,0.0000,18.5530
2881,0.0000,0.0000,17.6750
2882,0.0000,0.0000,16.6330
2883,0.0000,0.0000,16.0030
2884,0.0000,0.0000,15.5330
2885,0.0000,0.0000,15.0990
2886,0.0000,0.0000,14.8740
2887,0.0060,0.0240,15.2300
2888,0.1680,0.2050,18.5170
2889,0.3700,0.4420,22.2050
2890,0.5390,0.6710,25.3620
2891,0.6580,0.8560,27.9040
2892,0.7260,0.9770,30.0180
2893,0.7460,1.0210,31.5930
2894,0.7180,0.9800,32.5450
2895,0.6510,0.8700,32.8260
2896,0.5110,0.6570,32.3310
2897,0.3440,0.4300,31.1700
2898,0.1580,0.2030,29.2550
2899,0.0150,0.0360,26.5180
2900,0.0000,0.0000,24.0210
2901,0.0000,0.0000,22.0450
2902,0.0000,0.0000,20.4510
2903,0.0000,0.0000,19.0990
2904,0.0000,0.0000,18.1510
2905,0.0000,0.0000,17.6970
2906,0.0000,0.0000,17.4470
2907,0.0000,0.0000,16.7080
2908,0.0000,0.0000,15.9070
2909,0.0000,0.0000,15.4630
2910,0.0000,0.0000,15.2920
2911,0.0060,0.0240,15.7950
2912,0.1650,0.2020,19.0140
2913,0.3650,0.4360,22.3840
2914,0.5340,0.6660,25.7300
2915,0.6530,0.8510,28.5500
2916,0.7210,0.9740,30.7430
2917,0.7520,1.0360,32.3810
2918,0.7200,0.9860,33.1820
2919,0.6250,0.8300,33.0130
2920,0.5010,0.6420,32.1550
2921,0.3260,0.4050,30.6590
2922,0.1400,0.1830,28.5540
2923,0.0160,0.0380,25.6970
2924,0.0000,0.0000,22.8220
2925,0.0000,0.0000,21.5390
2926,0.0000,0.0000,20.4940
2927,0.0000,0.0000,19.8200
2928,0.0000,0.0000,18.9100
2929,0.0000,0.0000,17.6020
2930,0.0000,0.0000,16.8380
2931,0.0000,0.0000,16.1100
2932,0.0000,0.0000,15.5660
2933,0.0000,0.0000,15.3910
2934,0.0000,0.0000,14.9710
2935,0.0060,0.0240,14.6970
2936,0.1680,0.2040,17.7870
2937,0.3680,0.4400,22.4080
2938,0.5350,0.6680,26.0790
2939,0.6550,0.8530,28.5140
2940,0.7250,0.9760,30.3800
2941,0.7450,1.0190,31.6200
2942,0.7240,0.9870,32.2810
2943,0.6530,0.8710,32.3320
2944,0.5210,0.6690,31.6370
2945,0.3620,0.4500,30.3990
2946,0.1850,0.2350,28.6630
2947,0.0250,0.0490,25.5410
2948,0.0000,0.0000,21.7390
2949,0.0000,0.0000,20.1850
2950,0.0000,0.0000,18.9860
2951,0.0000,0.0000,18.3190
2952,0.0000,0.0000,17.7350
2953,0.0000,0.0000,16.9400
2954,0.0000,0.0000,15.9570
2955,0.0000,0.0000,15.3000
2956,0.0000,0.0000,14.8870
2957,0.0000,0.0000,14.2970
2958,0.0000,0.0000,13.7280
2959,0.0070,0.0250,13.9770
2960,0.1680,0.2040,17.4780
2961,0.3610,0.4300,21.6840
2962,0.5280,0.6550,25.4150
2963,0.6560,0.8530,28.1020
2964,0.7260,0.9770,30.1110
2965,0.7410,1.0110,31.3760
2966,0.6900,0.9280,31.8420
2967,0.5640,0.7310,31.3880
2968,0.3790,0.4720,30.1300
2969,0.2470,0.3070,28.8760
2970,0.1340,0.1750,27.4920
2971,0.0210,0.0450,24.8330
2972,0.0000,0.0000,21.9230
2973,0.0000,0.0000,20.9450
2974,0.0000,0.0000,20.1080
2975,0.0000,0.0000,19.1400
2976,0.0000,0.0000,18.1330
2977,0.0000,0.0000,17.3850
2978,0.0000,0.0000,16.6400
2979,0.0000,0.0000,15.8670
2980,0.0000,0.0000,14.9290
2981,0.0000,0.0000,14.2340
2982,0.0000,0.0000,13.9160
2983,0.0080,0.0260,14.1960
2984,0.1420,0.1760,17.7250
2985,0.2980,0.3540,21.4010
2986,0.4380,0.5330,24.4950
2987,0.5540,0.6960,26.7810
2988,0.6250,0.8070,28.4650
2989,0.6730,0.8880,29.7360
2990,0.6660,0.8810,30.4400
2991,0.5840,0.7560,30.2870
2992,0.4270,0.5320,29.2550
2993,0.1830,0.2300,27.3530
2994,0.0630,0.0940,25.6080
2995,0.0080,0.0270,23.6010
2996,0.0000,0.0000,21.1630
2997,0.0000,0.0000,19.7230
2998,0.0000,0.0000,18.4560
2999,0.0000,0.0000,17.1530
3000,0.0000,0.0000,16.1420
3001,0.0000,0.0000,15.6240
3002,0.0000,0.0000,15.1640
3003,0.0000,0.0000,14.4740
3004,0.0000,0.0000,13.9630
3005,0.0000,0.0000,13.7580
3006,0.0000,0.0000,13.5200
3007,0.0070,0.0260,13.7430
3008,0.1670,0.2040,17.7730
3009,0.3650,0.4350,21.5380
3010,0.5350,0.6620,24.5450
3011,0.6550,0.8460,26.8800
3012,0.7220,0.9630,28.7190
3013,0.7420,1.0050,30.1010
3014,0.7200,0.9720,30.9700
3015,0.6450,0.8530,31.1980
3016,0.5160,0.6580,30.7630
3017,0.3410,0.4230,29.7140
3018,0.1590,0.2040,28.1060
3019,0.0210,0.0450,25.6790
3020,0.0000,0.0000,22.5950
3021,0.0000,0.0000,20.9990
3022,0.0000,0.0000,19.6980
3023,0.0000,0.0000,18.6020
3024,0.0000,0.0000,17.4100
3025,0.0000,0.0000,16.4390
3026,0.0000,0.0000,15.6340
3027,0.0000,0.0000,14.9570
3028,0.0000,0.0000,14.4210
3029,0.0000,0.0000,13.9810
3030,0.0000,0.0000,13.7230
3031,0.0070,0.0250,14.0700
3032,0.1680,0.2050,17.8350
3033,0.3650,0.4370,22.2760
3034,0.5320,0.6610,25.6670
3035,0.6500,0.8440,27.9830
3036,0.7190,0.9640,29.7320
3037,0.7390,1.0050,30.9810
3038,0.7180,0.9740,31.7710
3039,0.6530,0.8690,32.0700
3040,0.5430,0.7010,31.8190
3041,0.3890,0.4880,30.9980
3042,0.2030,0.2550,29.5180
3043,0.0310,0.0560,26.2690
3044,0.0000,0.0000,21.9550
3045,0.0000,0.0000,20.2860
3046,0.0000,0.0000,19.0490
3047,0.0000,0.0000,18.0800
3048,0.0000,0.0000,17.2230
3049,0.0000,0.0000,16.1150
3050,0.0000,0.0000,15.1550
3051,0.0000,0.0000,14.4450
3052,0.0000,0.0000,13.9100
3053,0.0000,0.0000,13.6150
3054,0.0000,0.0000,13.3660
3055,0.0070,0.0250,13.5910
3056,0.1730,0.2100,17.4860
3057,0.3770,0.4500,21.9060
3058,0.5480,0.6840,25.7650
3059,0.6700,0.8760,28.2710
3060,0.7400,1.0000,30.2020
3061,0.7580,1.0420,31.5770
3062,0.7350,1.0060,32.3890
3063,0.6660,0.8940,32.5990
3064,0.5500,0.7120,32.1480
3065,0.3900,0.4890,31.0240
3066,0.2020,0.2550,29.3140
3067,0.0320,0.0570,25.9940
3068,0.0000,0.0000,21.4420
3069,0.0000,0.0000,19.4890
3070,0.0000,0.0000,17.9320
3071,0.0000,0.0000,17.3300
3072,0.0000,0.0000,17.2790
3073,0.0000,0.0000,17.1440
3074,0.0000,0.0000,16.1530
3075,0.0000,0.0000,14.9230
3076,0.0000,0.0000,13.9710
3077,0.0000,0.0000,13.3440
3078,0.0000,0.0000,12.7240
3079,0.0070,0.0240,12.8580
3080,0.1790,0.2150,16.9710
3081,0.3840,0.4570,21.2900
3082,0.5530,0.6880,24.9490
3083,0.6730,0.8760,27.5390
3084,0.7420,1.0000,29.5940
3085,0.7580,1.0380,31.0780
3086,0.7370,1.0080,31.9800
3087,0.6730,0.9020,32.2370
3088,0.5490,0.7100,31.7650
3089,0.3850,0.4810,30.5760
3090,0.1810,0.2290,28.6350
3091,0.0300,0.0550,25.7360
3092,0.0000,0.0000,21.1740
3093,0.0000,0.0000,19.1160
3094,0.0000,0.0000,17.7160
3095,0.0000,0.0000,16.8360
3096,0.0000,0.0000,16.2990
3097,0.0000,0.0000,15.8780
3098,0.0000,0.0000,15.3150
3099,0.0000,0.0000,14.8370
3100,0.0000,0.0000,14.6850
3101,0.0000,0.0000,14.7490
3102,0.0000,0.0000,14.4940
3103,0.0080,0.0260,14.6470
3104,0.1720,0.2080,17.7540
3105,0.3850,0.4600,22.0760
3106,0.5550,0.6950,25.9140
3107,0.6730,0.8810,28.4230
3108,0.7400,1.0020,30.2530
3109,0.7560,1.0370,31.4360
3110,0.7300,0.9960,32.0200
3111,0.6590,0.8780,31.9840
3112,0.5550,0.7180,31.4960
3113,0.3920,0.4900,30.3690
3114,0.2020,0.2540,28.6060
3115,0.0330,0.0590,25.8680
3116,0.0000,0.0000,21.6650
3117,0.0000,0.0000,19.7450
3118,0.0000,0.0000,18.4000
3119,0.0000,0.0000,17.5120
3120,0.0000,0.0000,16.8380
3121,0.0000,0.0000,16.3420
3122,0.0000,0.0000,15.5150
3123,0.0000,0.0000,14.4500
3124,0.0000,0.0000,13.6380
3125,0.0000,0.0000,13.1560
3126,0.0000,0.0000,12.7640
3127,0.0080,0.0260,13.1880
3128,0.1750,0.2120,17.7910
3129,0.3730,0.4460,22.5540
3130,0.5370,0.6710,26.3090
3131,0.6530,0.8530,28.8820
3132,0.7190,0.9680,30.6850
3133,0.7290,0.9930,31.8580
3134,0.7020,0.9510,32.5230
3135,0.6280,0.8330,32.6140
3136,0.5030,0.6450,32.1310
3137,0.3420,0.4270,31.1520
3138,0.1670,0.2140,29.6280
3139,0.0260,0.0510,26.7520
3140,0.0000,0.0000,23.0990
3141,0.0000,0.0000,21.0040
3142,0.0000,0.0000,19.6210
3143,0.0000,0.0000,18.3280
3144,0.0000,0.0000,16.8750
3145,0.0000,0.0000,15.8770
3146,0.0000,0.0000,15.1860
3147,0.0000,0.0000,14.9370
3148,0.0000,0.0000,14.8480
3149,0.0000,0.0000,14.3350
3150,0.0000,0.0000,13.8240
3151,0.0100,0.0290,14.0530
3152,0.1660,0.2030,17.8900
3153,0.3510,0.4190,22.3780
3154,0.4710,0.5800,25.7530
3155,0.5290,0.6640,27.5260
3156,0.5650,0.7210,28.7260
3157,0.5860,0.7550,29.5720
3158,0.5710,0.7340,29.9820
3159,0.5070,0.6420,29.8550
3160,0.4070,0.5060,29.2840
3161,0.2910,0.3580,28.4120
3162,0.1600,0.2040,27.0800
3163,0.0280,0.0520,24.3640
3164,0.0000,0.0000,20.8020
3165,0.0000,0.0000,19.7900
3166,0.0000,0.0000,19.0740
3167,0.0000,0.0000,18.4870
3168,0.0000,0.0000,18.1080
3169,0.0000,0.0000,17.5560
3170,0.0000,0.0000,16.9220
3171,0.0000,0.0000,16.3650
3172,0.0000,0.0000,15.7910
3173,0.0000,0.0000,15.2770
3174,0.0000,0.0000,14.9810
3175,0.0090,0.0280,15.1330
3176,0.1520,0.1870,18.4090
3177,0.3320,0.3970,22.4870
3178,0.4910,0.6080,25.9930
3179,0.6100,0.7840,28.0890
3180,0.6800,0.8990,29.6520
3181,0.6900,0.9210,30.6620
3182,0.6660,0.8860,31.3130
3183,0.5980,0.7820,31.5010
3184,0.4840,0.6160,31.1970
3185,0.3400,0.4240,30.4440
3186,0.1750,0.2230,29.0940
3187,0.0300,0.0540,25.8990
3188,0.0000,0.0000,21.9220
3189,0.0000,0.0000,20.5900
3190,0.0000,0.0000,19.8120
3191,0.0000,0.0000,19.3900
3192,0.0000,0.0000,19.0100
3193,0.0000,0.0000,17.9430
3194,0.0000,0.0000,16.8870
3195,0.0000,0.0000,15.9890
3196,0.0000,0.0000,15.1710
3197,0.0000,0.0000,14.4460
3198,0.0000,0.0000,13.9800
3199,0.0100,0.0290,14.3780
3200,0.1580,0.1930,18.3350
3201,0.3410,0.4070,22.5440
3202,0.4950,0.6140,26.3260
3203,0.6110,0.7880,28.6160
3204,0.6790,0.9010,30.2760
3205,0.7110,0.9610,31.5480
3206,0.6880,0.9270,32.2640
3207,0.6200,0.8200,32.4400
3208,0.5100,0.6550,32.0750
3209,0.3570,0.4460,31.1790
3210,0.1820,0.2310,29.6670
3211,0.0310,0.0560,26.7420
3212,0.0000,0.0000,22.6100
3213,0.0000,0.0000,20.9960
3214,0.0000,0.0000,19.9180
3215,0.0000,0.0000,19.0840
3216,0.0000,0.0000,18.0620
3217,0.0000,0.0000,17.1180
3218,0.0000,0.0000,16.2940
3219,0.0000,0.0000,15.6320
3220,0.0000,0.0000,15.0480
3221,0.0000,0.0000,14.5510
3222,0.0000,0.0000,14.1700
3223,0.0100,0.0290,14.5070
3224,0.1570,0.1930,18.0670
3225,0.3440,0.4090,21.6880
3226,0.5040,0.6220,25.1310
3227,0.6200,0.7980,27.9260
3228,0.6860,0.9110,30.0370
3229,0.7020,0.9450,31.4030
3230,0.6750,0.9040,32.0960
3231,0.6000,0.7870,32.1730
3232,0.4690,0.5960,31.5990
3233,0.3150,0.3930,30.4660
3234,0.1540,0.1990,28.8800
3235,0.0240,0.0480,26.0060
3236,0.0000,0.0000,23.0380
3237,0.0000,0.0000,21.8670
3238,0.0000,0.0000,20.3640
3239,0.0000,0.0000,18.9400
3240,0.0000,0.0000,17.7480
3241,0.0000,0.0000,16.8250
3242,0.0000,0.0000,16.0210
3243,0.0000,0.0000,15.3040
3244,0.0000,0.0000,14.9860
3245,0.0000,0.0000,14.6970
3246,0.0000,0.0000,14.3040
3247,0.0100,0.0290,14.5170
3248,0.1540,0.1890,17.7740
3249,0.3360,0.4000,21.7690
3250,0.4950,0.6100,25.2230
3251,0.6090,0.7810,27.7040
3252,0.6770,0.8940,29.6360
3253,0.6860,0.9160,30.9320
3254,0.6590,0.8770,31.6660
3255,0.5710,0.7410,31.6150
3256,0.4590,0.5790,30.9830
3257,0.2890,0.3580,29.7120
3258,0.1350,0.1760,28.0630
3259,0.0200,0.0430,25.7380
3260,0.0000,0.0000,23.3450
3261,0.0000,0.0000,22.0180
3262,0.0000,0.0000,20.4510
3263,0.0000,0.0000,18.9910
3264,0.0000,0.0000,17.8660
3265,0.0000,0.0000,16.9760
3266,0.0000,0.0000,16.2960
3267,0.0000,0.0000,15.5740
3268,0.0000,0.0000,15.0640
3269,0.0000,0.0000,14.7090
3270,0.0000,0.0000,14.3890
3271,0.0110,0.0300,14.7830
3272,0.1620,0.1980,17.3310
3273,0.3490,0.4150,21.6510
3274,0.5090,0.6300,25.4340
3275,0.6250,0.8050,27.9630
3276,0.6890,0.9150,29.8030
3277,0.6900,0.9230,30.8080
3278,0.6690,0.8910,31.3380
3279,0.5710,0.7390,31.0400
3280,0.4280,0.5360,30.1210
3281,0.2790,0.3450,28.7630
3282,0.1270,0.1670,27.0270
3283,0.0180,0.0400,24.9940
3284,0.0000,0.0000,22.8420
3285,0.0000,0.0000,21.4900
3286,0.0000,0.0000,20.0590
3287,0.0000,0.0000,18.7030
3288,0.0000,0.0000,17.5550
3289,0.0000,0.0000,16.7380
3290,0.0000,0.0000,15.9950
3291,0.0000,0.0000,15.3490
3292,0.0000,0.0000,14.9870
3293,0.0000,0.0000,14.5880
3294,0.0000,0.0000,14.1390
3295,0.0110,0.0300,14.4450
3296,0.1700,0.2070,17.2720
3297,0.3630,0.4330,21.5220
3298,0.5260,0.6520,25.1580
3299,0.6430,0.8320,27.7640
3300,0.7120,0.9510,29.7430
3301,0.7320,0.9940,31.0290
3302,0.7100,0.9610,31.6830
3303,0.6420,0.8500,31.6850
3304,0.5300,0.6800,31.1020
3305,0.3620,0.4510,29.8500
3306,0.1830,0.2310,28.1020
3307,0.0310,0.0560,25.0750
3308,0.0000,0.0000,21.9290
3309,0.0000,0.0000,20.6500
3310,0.0000,0.0000,19.3390
3311,0.0000,0.0000,18.4840
3312,0.0000,0.0000,17.3630
3313,0.0000,0.0000,16.2200
3314,0.0000,0.0000,15.4070
3315,0.0000,0.0000,14.7860
3316,0.0000,0.0000,14.4400
3317,0.0000,0.0000,14.1170
3318,0.0000,0.0000,13.6540
3319,0.0110,0.0300,13.9390
3320,0.1740,0.2110,17.0160
3321,0.3680,0.4380,21.4850
3322,0.5300,0.6580,25.5800
3323,0.6440,0.8370,28.5360
3324,0.7100,0.9540,30.7400
3325,0.7280,0.9930,32.1680
3326,0.7060,0.9620,32.9770
3327,0.6370,0.8500,33.1250
3328,0.5200,0.6720,32.6830
3329,0.3560,0.4460,31.5310
3330,0.1840,0.2330,29.7510
3331,0.0330,0.0580,26.5990
3332,0.0000,0.0000,23.2280
3333,0.0000,0.0000,21.9990
3334,0.0000,0.0000,20.8530
3335,0.0000,0.0000,19.7580
3336,0.0000,0.0000,18.7420
3337,0.0000,0.0000,17.8150
3338,0.0000,0.0000,17.0880
3339,0.0000,0.0000,16.5030
3340,0.0000,0.0000,15.8030
3341,0.0000,0.0000,15.2670
3342,0.0000,0.0000,15.0250
3343,0.0110,0.0300,15.6050
3344,0.1690,0.2060,18.8690
3345,0.3580,0.4290,22.5130
3346,0.5210,0.6460,25.4890
3347,0.6370,0.8220,27.8070
3348,0.7050,0.9400,29.7500
3349,0.7340,0.9980,31.2730
3350,0.7120,0.9660,32.1960
3351,0.6390,0.8490,32.3540
3352,0.5100,0.6540,31.8260
3353,0.3480,0.4340,30.7050
3354,0.1720,0.2190,29.0570
3355,0.0300,0.0550,26.6100
3356,0.0000,0.0000,23.5510
3357,0.0000,0.0000,22.1810
3358,0.0000,0.0000,20.9760
3359,0.0000,0.0000,19.7410
3360,0.0000,0.0000,18.3710
3361,0.0000,0.0000,17.0070
3362,0.0000,0.0000,16.1360
3363,0.0000,0.0000,15.6700
3364,0.0000,0.0000,15.1880
3365,0.0000,0.0000,14.5220
3366,0.0000,0.0000,13.8890
3367,0.0110,0.0310,14.4270
3368,0.1700,0.2070,18.1740
3369,0.3610,0.4330,22.6220
3370,0.5270,0.6570,26.3340
3371,0.6410,0.8350,29.0450
3372,0.7070,0.9520,31.1070
3373,0.7260,0.9930,32.4830
3374,0.7040,0.9600,33.1530
3375,0.6380,0.8520,33.1650
3376,0.5230,0.6750,32.5430
3377,0.3640,0.4560,31.3660
3378,0.1830,0.2330,29.5860
3379,0.0330,0.0580,26.5720
3380,0.0000,0.0000,22.9760
3381,0.0000,0.0000,21.5230
3382,0.0000,0.0000,20.1830
3383,0.0000,0.0000,18.9560
3384,0.0000,0.0000,17.9130
3385,0.0000,0.0000,17.0290
3386,0.0000,0.0000,16.2390
3387,0.0000,0.0000,15.7060
3388,0.0000,0.0000,15.3950
3389,0.0000,0.0000,15.1450
3390,0.0000,0.0000,14.9240
3391,0.0120,0.0310,15.4200
3392,0.1680,0.2040,17.9340
3393,0.3600,0.4290,21.4960
3394,0.5220,0.6490,25.7040
3395,0.6380,0.8260,28.2710
3396,0.7060,0.9440,30.1230
3397,0.7200,0.9740,31.3130
3398,0.6980,0.9420,31.9940
3399,0.6320,0.8360,32.0990
3400,0.5310,0.6830,31.7520
3401,0.3720,0.4640,30.7870
3402,0.1900,0.2400,29.2200
3403,0.0350,0.0620,26.3170
3404,0.0000,0.0000,22.9050
3405,0.0000,0.0000,21.8140
3406,0.0000,0.0000,20.7190
3407,0.0000,0.0000,19.4800
3408,0.0000,0.0000,18.3890
3409,0.0000,0.0000,17.4960
3410,0.0000,0.0000,16.7960
3411,0.0000,0.0000,16.2730
3412,0.0000,0.0000,15.7630
3413,0.0000,0.0000,15.3640
3414,0.0000,0.0000,15.0970
3415,0.0120,0.0320,15.4390
3416,0.1680,0.2050,18.4750
3417,0.3540,0.4230,22.2780
3418,0.5130,0.6340,25.2530
3419,0.6260,0.8060,27.6390
3420,0.6920,0.9190,29.6270
3421,0.7030,0.9450,31.0500
3422,0.6830,0.9170,31.9250
3423,0.6200,0.8190,32.1160
3424,0.5100,0.6530,31.6710
3425,0.3470,0.4330,30.5550
3426,0.1690,0.2160,28.7860
3427,0.0250,0.0490,26.0340
3428,0.0000,0.0000,23.3860
3429,0.0000,0.0000,22.1210
3430,0.0000,0.0000,21.0480
3431,0.0000,0.0000,19.9090
3432,0.0000,0.0000,18.7060
3433,0.0000,0.0000,17.7600
3434,0.0000,0.0000,17.1650
3435,0.0000,0.0000,16.7380
3436,0.0000,0.0000,16.3720
3437,0.0000,0.0000,16.1300
3438,0.0000,0.0000,15.8880
3439,0.0130,0.0330,16.1960
3440,0.1580,0.1940,18.1720
3441,0.3440,0.4080,20.8850
3442,0.5060,0.6190,23.8510
3443,0.6170,0.7840,26.1140
3444,0.6700,0.8740,27.9020
3445,0.6650,0.8730,29.1010
3446,0.5970,0.7720,29.5410
3447,0.5470,0.6980,29.5830
3448,0.3780,0.4660,28.7080
3449,0.2120,0.2640,27.3700
3450,0.0870,0.1200,25.8100
3451,0.0100,0.0290,24.0860
3452,0.0000,0.0000,22.5720
3453,0.0000,0.0000,21.6190
3454,0.0000,0.0000,20.8200
3455,0.0000,0.0000,20.0150
3456,0.0000,0.0000,19.0440
3457,0.0000,0.0000,18.1620
3458,0.0000,0.0000,17.4040
3459,0.0000,0.0000,16.8470
3460,0.0000,0.0000,16.4170
3461,0.0000,0.0000,15.9250
3462,0.0000,0.0000,15.4450
3463,0.0180,0.0390,15.6940
3464,0.1800,0.2180,18.2020
3465,0.3760,0.4480,21.6420
3466,0.5340,0.6600,24.5470
3467,0.6420,0.8260,26.8950
3468,0.6950,0.9190,28.8160
3469,0.7120,0.9550,30.2670
3470,0.6880,0.9210,31.1650
3471,0.6210,0.8160,31.3670
3472,0.4720,0.5980,30.7430
3473,0.3230,0.4010,29.7300
3474,0.1670,0.2130,28.2430
3475,0.0310,0.0560,25.9870
3476,0.0000,0.0000,23.5400
3477,0.0000,0.0000,22.4700
3478,0.0000,0.0000,21.5710
3479,0.0000,0.0000,20.5300
3480,0.0000,0.0000,19.4500
3481,0.0000,0.0000,18.4310
3482,0.0000,0.0000,17.5320
3483,0.0000,0.0000,16.7860
3484,0.0000,0.0000,16.2780
3485,0.0000,0.0000,15.9040
3486,0.0000,0.0000,15.5960
3487,0.0180,0.0390,15.9490
3488,0.1770,0.2150,18.4260
3489,0.3810,0.4550,21.6250
3490,0.5430,0.6740,24.7060
3491,0.6550,0.8470,27.1740
3492,0.7080,0.9430,29.1220
3493,0.7360,0.9970,30.6470
3494,0.7010,0.9460,31.5830
3495,0.6440,0.8560,32.0150
3496,0.5050,0.6470,31.6870
3497,0.3670,0.4590,30.9530
3498,0.1990,0.2520,29.5480
3499,0.0390,0.0660,27.2360
3500,0.0000,0.0000,23.9820
3501,0.0000,0.0000,22.4460
3502,0.0000,0.0000,21.4850
3503,0.0000,0.0000,20.6760
3504,0.0000,0.0000,19.3760
3505,0.0000,0.0000,18.0830
3506,0.0000,0.0000,16.7750
3507,0.0000,0.0000,15.9750
3508,0.0000,0.0000,15.2710
3509,0.0000,0.0000,14.7960
3510,0.0000,0.0000,14.4590
3511,0.0180,0.0390,14.9670
3512,0.1770,0.2140,17.2620
3513,0.3810,0.4510,20.1100
3514,0.5490,0.6760,23.1960
3515,0.6640,0.8530,25.7340
3516,0.7300,0.9700,27.7900
3517,0.7470,1.0080,29.2900
3518,0.7220,0.9710,30.1570
3519,0.6520,0.8580,30.2990
3520,0.5470,0.6990,29.8960
3521,0.3950,0.4900,29.0120
3522,0.2040,0.2550,27.3780
3523,0.0410,0.0670,24.9870
3524,0.0000,0.0010,21.9460
3525,0.0000,0.0000,20.5260
3526,0.0000,0.0000,19.6010
3527,0.0000,0.0000,18.8440
3528,0.0000,0.0000,18.0480
3529,0.0000,0.0000,17.2680
3530,0.0000,0.0000,16.8420
3531,0.0000,0.0000,16.4420
3532,0.0000,0.0000,15.9250
3533,0.0000,0.0000,15.5340
3534,0.0000,0.0000,15.3240
3535,0.0170,0.0370,15.7000
3536,0.1620,0.1970,17.5650
3537,0.3620,0.4290,20.6580
3538,0.5270,0.6490,23.7740
3539,0.6430,0.8240,26.2380
3540,0.7050,0.9310,28.2520
3541,0.7140,0.9550,29.6680
3542,0.6660,0.8800,30.2920
3543,0.6370,0.8370,30.5320
3544,0.5170,0.6570,30.0000
3545,0.3550,0.4390,28.9120
3546,0.1700,0.2150,27.1200
3547,0.0290,0.0540,24.8140
3548,0.0000,0.0000,22.3940
3549,0.0000,0.0000,21.0520
3550,0.0000,0.0000,19.8380
3551,0.0000,0.0000,18.8710
3552,0.0000,0.0000,18.1550
3553,0.0000,0.0000,17.6030
3554,0.0000,0.0000,17.2010
3555,0.0000,0.0000,16.8230
3556,0.0000,0.0000,16.5290
3557,0.0000,0.0000,16.2630
3558,0.0000,0.0000,15.9870
3559,0.0150,0.0360,16.2980
3560,0.1520,0.1870,17.9650
3561,0.3510,0.4170,20.9050
3562,0.5210,0.6420,24.1830
3563,0.6320,0.8100,26.7470
3564,0.6950,0.9190,28.7720
3565,0.7030,0.9390,30.0730
3566,0.6440,0.8460,30.4720
3567,0.5550,0.7110,30.0920
3568,0.4240,0.5270,28.9870
3569,0.2560,0.3160,27.3800
3570,0.1090,0.1460,25.4960
3571,0.0180,0.0390,23.4870
3572,0.0000,0.0000,21.6230
3573,0.0000,0.0000,20.4990
3574,0.0000,0.0000,19.5890
3575,0.0000,0.0000,18.6700
3576,0.0000,0.0000,18.0660
3577,0.0000,0.0000,17.4870
3578,0.0000,0.0000,16.9980
3579,0.0000,0.0000,16.5860
3580,0.0000,0.0000,16.2700
3581,0.0000,0.0000,16.0280
3582,0.0000,0.0000,15.7800
3583,0.0160,0.0370,16.0990
3584,0.1540,0.1890,17.9410
3585,0.3380,0.4020,21.0290
3586,0.4950,0.6070,24.2570
3587,0.6130,0.7820,26.8610
3588,0.6800,0.8950,28.9210
3589,0.7030,0.9410,30.3960
3590,0.6750,0.9000,31.1250
3591,0.6160,0.8060,31.1430
3592,0.5000,0.6350,30.3720
3593,0.3210,0.3970,28.7240
3594,0.1390,0.1800,26.4870
3595,0.0210,0.0440,23.7640
3596,0.0000,0.0000,21.5120
3597,0.0000,0.0000,20.4080
3598,0.0000,0.0000,19.4720
3599,0.0000,0.0000,18.6230
3600,0.0000,0.0000,17.9870
3601,0.0000,0.0000,17.4370
3602,0.0000,0.0000,16.9820
3603,0.0000,0.0000,16.5450
3604,0.0000,0.0000,16.1010
3605,0.0000,0.0000,15.7000
3606,0.0000,0.0000,15.4060
3607,0.0190,0.0400,16.0300
3608,0.1650,0.2010,18.2760
3609,0.3470,0.4130,21.3130
3610,0.5200,0.6400,24.3160
3611,0.6320,0.8090,26.5960
3612,0.6920,0.9110,28.2550
3613,0.6830,0.9010,29.1490
3614,0.6410,0.8370,29.4260
3615,0.5260,0.6650,28.8530
3616,0.3830,0.4710,27.7330
3617,0.2360,0.2900,26.2520
3618,0.0820,0.1140,24.3760
3619,0.0100,0.0290,22.5290
3620,0.0000,0.0000,21.0360
3621,0.0000,0.0000,20.1280
3622,0.0000,0.0000,19.2430
3623,0.0000,0.0000,18.5250
3624,0.0000,0.0000,18.0040
3625,0.0000,0.0000,17.5810
3626,0.0000,0.0000,17.2590
3627,0.0000,0.0000,17.0100
3628,0.0000,0.0000,16.8070
3629,0.0000,0.0000,16.5960
3630,0.0000,0.0000,16.3140
3631,0.0150,0.0350,16.6010
3632,0.1470,0.1820,18.2900
3633,0.3350,0.3980,21.0920
3634,0.5000,0.6120,23.8140
3635,0.6070,0.7700,26.0660
3636,0.6430,0.8310,27.5400
3637,0.6320,0.8170,28.2550
3638,0.5660,0.7200,28.2470
3639,0.4190,0.5170,27.3610
3640,0.2790,0.3410,26.1430
3641,0.1570,0.1990,24.8380
3642,0.0710,0.1010,23.4520
3643,0.0100,0.0290,21.9540
3644,0.0000,0.0000,20.6410
3645,0.0000,0.0000,19.8000
3646,0.0000,0.0000,19.0440
3647,0.0000,0.0000,18.2870
3648,0.0000,0.0000,17.6970
3649,0.0000,0.0000,17.2600
3650,0.0000,0.0000,16.9770
3651,0.0000,0.0000,16.7600
3652,0.0000,0.0000,16.5590
3653,0.0000,0.0000,16.3030
3654,0.0000,0.0000,15.9900
3655,0.0220,0.0430,16.3420
3656,0.1750,0.2120,18.4730
3657,0.3700,0.4410,21.2780
3658,0.5310,0.6530,23.9600
3659,0.6310,0.8050,26.0230
3660,0.6380,0.8220,27.2700
3661,0.5660,0.7170,27.5500
3662,0.5100,0.6380,27.4760
3663,0.4240,0.5220,26.9620
3664,0.2820,0.3440,25.9420
3665,0.1620,0.2030,24.7350
3666,0.0710,0.1020,23.3150
3667,0.0120,0.0320,21.8550
3668,0.0000,0.0000,20.5440
3669,0.0000,0.0000,19.6350
3670,0.0000,0.0000,18.9210
3671,0.0000,0.0000,18.2430
3672,0.0000,0.0000,17.4920
3673,0.0000,0.0000,16.7100
3674,0.0000,0.0000,15.9530
3675,0.0000,0.0000,15.3620
3676,0.0000,0.0000,15.1550
3677,0.0000,0.0000,14.9710
3678,0.0000,0.0000,14.7360
3679,0.0180,0.0390,15.2130
3680,0.1550,0.1900,17.5740
3681,0.3320,0.3940,20.8290
3682,0.4890,0.5960,23.3660
3683,0.5930,0.7460,25.3720
3684,0.6400,0.8230,26.8000
3685,0.6250,0.8040,27.5060
3686,0.5530,0.6990,27.4860
3687,0.4380,0.5390,26.6750
3688,0.3020,0.3670,25.3300
3689,0.1640,0.2050,23.7060
3690,0.0710,0.1010,22.1620
3691,0.0100,0.0300,20.7370
3692,0.0000,0.0000,19.5070
3693,0.0000,0.0000,18.8200
3694,0.0000,0.0000,18.2950
3695,0.0000,0.0000,17.7040
3696,0.0000,0.0000,17.1750
3697,0.0000,0.0000,16.8370
3698,0.0000,0.0000,16.5810
3699,0.0000,0.0000,16.3410
3700,0.0000,0.0000,16.1520
3701,0.0000,0.0000,15.9960
3702,0.0000,0.0000,15.8930
3703,0.0160,0.0360,16.2630
3704,0.1330,0.1660,17.4180
3705,0.2780,0.3280,18.9580
3706,0.4540,0.5440,21.1020
3707,0.4800,0.5810,22.3940
3708,0.4810,0.5850,22.8800
3709,0.4400,0.5300,22.7360
3710,0.3930,0.4710,22.3940
3711,0.3160,0.3780,21.8390
3712,0.2350,0.2830,21.1530
3713,0.1620,0.2000,20.3360
3714,0.0840,0.1130,19.3490
3715,0.0160,0.0370,18.2210
3716,0.0000,0.0000,17.1450
3717,0.0000,0.0000,16.6960
3718,0.0000,0.0000,16.3800
3719,0.0000,0.0000,16.0400
3720,0.0000,0.0000,15.6740
3721,0.0000,0.0000,15.4030
3722,0.0000,0.0000,15.1810
3723,0.0000,0.0000,14.9840
3724,0.0000,0.0000,14.7590
3725,0.0000,0.0000,14.5740
3726,0.0000,0.0000,14.3070
3727,0.0210,0.0420,14.9460
3728,0.1730,0.2090,17.3920
3729,0.3640,0.4300,20.1870
3730,0.5280,0.6470,22.8570
3731,0.6370,0.8090,24.8900
3732,0.6710,0.8670,26.2180
3733,0.6570,0.8480,26.8840
3734,0.5750,0.7270,26.7270
3735,0.4930,0.6110,26.2590
3736,0.3770,0.4580,25.5060
3737,0.2430,0.2960,24.4300
3738,0.1290,0.1660,23.1750
3739,0.0290,0.0530,21.4470
3740,0.0000,0.0010,19.5310
3741,0.0000,0.0000,18.8060
3742,0.0000,0.0000,18.3480
3743,0.0000,0.0000,18.0510
3744,0.0000,0.0000,17.6940
3745,0.0000,0.0000,17.3910
3746,0.0000,0.0000,17.1260
3747,0.0000,0.0000,16.9180
3748,0.0000,0.0000,16.6770
3749,0.0000,0.0000,16.3820
3750,0.0000,0.0000,16.0700
3751,0.0130,0.0330,16.2340
3752,0.1350,0.1690,17.8290
3753,0.2860,0.3390,20.2780
3754,0.4000,0.4800,22.7890
3755,0.4870,0.5960,24.6030
3756,0.5300,0.6590,25.7840
3757,0.5400,0.6770,26.4220
3758,0.4720,0.5830,26.3190
3759,0.3470,0.4210,25.4890
3760,0.2630,0.3190,24.5000
3761,0.1610,0.2020,23.3380
3762,0.0730,0.1030,22.0520
3763,0.0110,0.0310,20.6760
3764,0.0000,0.0000,19.4740
3765,0.0000,0.0000,18.9630
3766,0.0000,0.0000,18.5270
3767,0.0000,0.0000,18.1110
3768,0.0000,0.0000,17.6950
3769,0.0000,0.0000,17.3620
3770,0.0000,0.0000,17.0720
3771,0.0000,0.0000,16.7320
3772,0.0000,0.0000,16.4230
3773,0.0000,0.0000,15.9680
3774,0.0000,0.0000,15.3260
3775,0.0210,0.0430,15.8570
3776,0.1720,0.2090,18.1380
3777,0.3720,0.4440,21.7970
3778,0.5320,0.6590,24.8710
3779,0.6450,0.8300,26.8750
3780,0.7050,0.9320,28.4040
3781,0.7090,0.9440,29.3760
3782,0.6250,0.8130,29.4160
3783,0.5060,0.6360,28.5710
3784,0.3510,0.4290,27.0080
3785,0.1940,0.2410,25.0740
3786,0.0750,0.1050,23.0350
3787,0.0090,0.0290,21.0760
3788,0.0000,0.0000,19.4750
3789,0.0000,0.0000,18.5090
3790,0.0000,0.0000,17.9950
3791,0.0000,0.0000,17.6520
3792,0.0000,0.0000,17.3380
3793,0.0000,0.0000,17.0110
3794,0.0000,0.0000,16.6110
3795,0.0000,0.0000,16.3210
3796,0.0000,0.0000,16.0690
3797,0.0000,0.0000,15.6960
3798,0.0000,0.0000,15.2110
3799,0.0220,0.0430,15.8370
3800,0.1720,0.2090,18.3140
3801,0.3610,0.4320,22.2190
3802,0.5190,0.6420,25.3630
3803,0.6300,0.8100,27.3440
3804,0.6910,0.9130,28.7300
3805,0.6930,0.9200,29.4710
3806,0.6290,0.8190,29.5150
3807,0.5260,0.6670,29.0640
3808,0.4300,0.5340,28.5380
3809,0.3020,0.3710,27.8440
3810,0.1670,0.2110,26.8070
3811,0.0370,0.0630,24.8850
3812,0.0000,0.0010,22.3210
3813,0.0000,0.0000,21.6590
3814,0.0000,0.0000,21.2990
3815,0.0000,0.0000,20.4900
3816,0.0000,0.0000,19.7820
3817,0.0000,0.0000,19.1270
3818,0.0000,0.0000,18.2550
3819,0.0000,0.0000,17.4080
3820,0.0000,0.0000,16.6970
3821,0.0000,0.0000,15.9700
3822,0.0000,0.0000,15.2330
3823,0.0210,0.0420,15.5920
3824,0.1770,0.2150,19.1000
3825,0.3630,0.4340,22.5120
3826,0.5230,0.6480,25.0690
3827,0.6460,0.8330,27.2330
3828,0.7190,0.9590,29.1000
3829,0.7420,1.0070,30.5480
3830,0.7180,0.9730,31.4930
3831,0.6530,0.8680,31.8710
3832,0.5420,0.6990,31.6110
3833,0.3840,0.4800,30.7080
3834,0.1990,0.2510,28.8230
3835,0.0450,0.0720,25.7900
3836,0.0000,0.0010,22.1320
3837,0.0000,0.0000,21.3120
3838,0.0000,0.0000,20.6550
3839,0.0000,0.0000,19.6590
3840,0.0000,0.0000,18.8810
3841,0.0000,0.0000,18.2820
3842,0.0000,0.0000,17.6750
3843,0.0000,0.0000,17.0790
3844,0.0000,0.0000,16.4770
3845,0.0000,0.0000,15.4250
3846,0.0000,0.0000,14.4200
3847,0.0200,0.0410,14.3780
3848,0.1550,0.1880,16.4750
3849,0.3180,0.3770,20.2160
3850,0.4750,0.5790,23.5400
3851,0.6030,0.7640,26.0390
3852,0.6800,0.8900,27.9760
3853,0.6950,0.9220,29.3750
3854,0.6630,0.8760,30.1780
3855,0.5940,0.7700,30.3380
3856,0.4910,0.6210,29.9750
3857,0.3550,0.4380,28.9680
3858,0.1940,0.2430,27.3230
3859,0.0430,0.0690,24.3320
3860,0.0000,0.0010,21.4420
3861,0.0000,0.0000,19.5170
3862,0.0000,0.0000,18.0580
3863,0.0000,0.0000,17.2500
3864,0.0000,0.0000,16.3920
3865,0.0000,0.0000,15.6040
3866,0.0000,0.0000,14.7800
3867,0.0000,0.0000,14.2540
3868,0.0000,0.0000,13.6270
3869,0.0000,0.0000,12.9030
3870,0.0000,0.0000,12.3330
3871,0.0190,0.0390,13.1420
3872,0.1850,0.2220,16.5520
3873,0.3810,0.4510,20.4360
3874,0.5430,0.6680,23.3080
3875,0.6590,0.8440,25.5100
3876,0.7270,0.9620,27.3810
3877,0.7510,1.0110,28.8390
3878,0.7300,0.9810,29.7840
3879,0.6620,0.8740,30.1000
3880,0.5490,0.7020,29.9000
3881,0.3940,0.4890,29.2110
3882,0.2020,0.2530,27.6480
3883,0.0460,0.0740,24.9970
3884,0.0000,0.0010,21.7210
3885,0.0000,0.0000,20.8570
3886,0.0000,0.0000,20.2210
3887,0.0000,0.0000,19.5430
3888,0.0000,0.0000,18.7850
3889,0.0000,0.0000,18.0330
3890,0.0000,0.0000,17.3770
3891,0.0000,0.0000,16.7740
3892,0.0000,0.0000,16.2070
3893,0.0000,0.0000,15.7990
3894,0.0000,0.0000,15.5400
3895,0.0230,0.0450,16.0610
3896,0.1760,0.2130,18.3280
3897,0.3730,0.4430,20.8310
3898,0.5300,0.6510,23.3870
3899,0.6130,0.7760,25.2670
3900,0.6440,0.8270,26.5620
3901,0.6530,0.8450,27.5020
3902,0.5770,0.7340,27.6730
3903,0.5430,0.6860,27.8200
3904,0.4010,0.4930,27.2180
3905,0.2560,0.3130,26.2270
3906,0.1130,0.1490,24.8090
3907,0.0150,0.0360,22.9700
3908,0.0000,0.0000,21.2970
3909,0.0000,0.0000,20.4110
3910,0.0000,0.0000,19.4400
3911,0.0000,0.0000,18.4490
3912,0.0000,0.0000,17.5180
3913,0.0000,0.0000,16.8490
3914,0.0000,0.0000,16.3370
3915,0.0000,0.0000,16.0520
3916,0.0000,0.0000,15.9420
3917,0.0000,0.0000,15.9970
3918,0.0000,0.0000,15.9190
3919,0.0070,0.0250,16.1260
3920,0.0740,0.1010,17.1310
3921,0.1770,0.2150,18.6640
3922,0.2800,0.3330,20.3060
3923,0.3980,0.4760,22.0900
3924,0.5110,0.6260,23.7940
3925,0.5930,0.7470,25.3530
3926,0.6030,0.7650,26.3240
3927,0.5130,0.6380,26.3040
3928,0.3400,0.4130,25.3030
3929,0.2290,0.2790,24.2060
3930,0.1060,0.1400,22.8370
3931,0.0190,0.0410,21.0850
3932,0.0000,0.0010,19.4550
3933,0.0000,0.0000,18.8960
3934,0.0000,0.0000,18.5040
3935,0.0000,0.0000,18.0450
3936,0.0000,0.0000,17.6290
3937,0.0000,0.0000,17.1530
3938,0.0000,0.0000,16.5930
3939,0.0000,0.0000,16.1330
3940,0.0000,0.0000,15.8330
3941,0.0000,0.0000,15.6110
3942,0.0000,0.0000,15.3020
3943,0.0200,0.0410,15.7070
3944,0.1590,0.1940,17.4980
3945,0.3270,0.3860,19.6390
3946,0.4720,0.5700,21.9050
3947,0.5480,0.6760,23.4720
3948,0.5430,0.6730,24.2720
3949,0.5370,0.6660,24.7120
3950,0.5020,0.6180,24.7820
3951,0.4310,0.5240,24.4530
3952,0.2930,0.3530,23.7040
3953,0.1650,0.2070,22.8620
3954,0.0760,0.1060,21.9630
3955,0.0110,0.0310,20.7880
3956,0.0000,0.0000,19.6110
3957,0.0000,0.0000,19.0850
3958,0.0000,0.0000,18.6550
3959,0.0000,0.0000,18.2160
3960,0.0000,0.0000,17.7160
3961,0.0000,0.0000,17.1460
3962,0.0000,0.0000,16.5410
3963,0.0000,0.0000,16.1000
3964,0.0000,0.0000,15.7020
3965,0.0000,0.0000,15.4630
3966,0.0000,0.0000,15.3110
3967,0.0110,0.0300,15.6900
3968,0.1060,0.1370,17.1910
3969,0.2450,0.2910,19.2400
3970,0.3900,0.4650,21.5590
3971,0.5020,0.6130,23.5860
3972,0.5610,0.7000,25.0720
3973,0.5950,0.7530,26.1790
3974,0.5780,0.7310,26.7150
3975,0.5160,0.6430,26.5710
3976,0.4010,0.4890,25.8160
3977,0.2510,0.3050,24.5190
3978,0.1160,0.1510,22.9340
3979,0.0220,0.0450,21.2600
3980,0.0000,0.0010,19.6800
3981,0.0000,0.0000,18.6750
3982,0.0000,0.0000,17.8950
3983,0.0000,0.0000,17.4660
3984,0.0000,0.0000,16.9990
3985,0.0000,0.0000,16.5790
3986,0.0000,0.0000,16.2030
3987,0.0000,0.0000,15.9360
3988,0.0000,0.0000,15.5590
3989,0.0000,0.0000,15.0400
3990,0.0000,0.0000,14.5580
3991,0.0230,0.0450,14.8980
3992,0.1710,0.2070,16.8880
3993,0.3460,0.4080,19.6700
3994,0.4860,0.5890,22.2010
3995,0.5980,0.7480,24.1830
3996,0.6670,0.8590,25.7850
3997,0.6880,0.8960,26.9120
3998,0.6700,0.8710,27.5240
3999,0.6010,0.7670,27.5240
4000,0.4750,0.5890,26.9690
4001,0.3330,0.4060,26.1230
4002,0.1700,0.2130,24.7420
4003,0.0420,0.0690,22.6700
4004,0.0000,0.0010,19.9550
4005,0.0000,0.0000,18.7270
4006,0.0000,0.0000,17.9150
4007,0.0000,0.0000,17.3530
4008,0.0000,0.0000,16.9340
4009,0.0000,0.0000,16.5970
4010,0.0000,0.0000,16.2320
4011,0.0000,0.0000,15.9790
4012,0.0000,0.0000,15.7280
4013,0.0000,0.0000,15.4240
4014,0.0000,0.0000,15.1850
4015,0.0210,0.0420,15.6750
4016,0.1710,0.2080,18.0060
4017,0.3640,0.4330,21.3320
4018,0.5230,0.6440,24.4070
4019,0.6320,0.8090,26.5550
4020,0.6920,0.9090,28.0490
4021,0.7060,0.9360,28.9300
4022,0.6750,0.8890,29.1900
4023,0.6000,0.7720,28.8010
4024,0.4770,0.5940,27.9680
4025,0.2910,0.3550,26.6020
4026,0.1490,0.1900,25.0580
4027,0.0310,0.0550,23.1900
4028,0.0000,0.0010,21.0460
4029,0.0000,0.0000,20.0230
4030,0.0000,0.0000,19.1010
4031,0.0000,0.0000,18.4870
4032,0.0000,0.0000,18.0430
4033,0.0000,0.0000,17.4390
4034,0.0000,0.0000,16.6400
4035,0.0000,0.0000,16.0240
4036,0.0000,0.0000,15.6160
4037,0.0000,0.0000,15.3430
4038,0.0000,0.0000,15.0890
4039,0.0170,0.0370,15.4890
4040,0.1690,0.2060,17.7290
4041,0.3610,0.4270,20.5570
4042,0.5230,0.6420,23.2530
4043,0.6390,0.8140,25.4300
4044,0.7070,0.9280,27.1400
4045,0.7300,0.9720,28.2930
4046,0.7080,0.9400,28.7880
4047,0.6330,0.8210,28.5300
4048,0.5050,0.6320,27.6030
4049,0.3240,0.3940,26.0100
4050,0.1590,0.2010,24.0570
4051,0.0370,0.0620,22.0270
4052,0.0000,0.0010,19.8890
4053,0.0000,0.0000,18.9810
4054,0.0000,0.0000,18.3880
4055,0.0000,0.0000,17.9420
4056,0.0000,0.0000,17.5470
4057,0.0000,0.0000,17.1460
4058,0.0000,0.0000,16.8310
4059,0.0000,0.0000,16.6160
4060,0.0000,0.0000,16.4890
4061,0.0000,0.0000,16.2740
4062,0.0000,0.0000,16.0070
4063,0.0180,0.0390,16.3670
4064,0.1650,0.2020,18.7020
4065,0.3400,0.4040,21.5740
4066,0.4930,0.6050,24.2770
4067,0.5910,0.7470,26.2730
4068,0.6290,0.8090,27.5660
4069,0.6290,0.8140,28.2860
4070,0.5330,0.6720,28.0710
4071,0.4050,0.4980,27.2350
4072,0.2950,0.3600,26.2430
4073,0.1810,0.2260,25.1470
4074,0.0920,0.1250,24.0640
4075,0.0170,0.0380,22.6980
4076,0.0000,0.0010,21.5650
4077,0.0000,0.0000,21.1250
4078,0.0000,0.0000,20.3510
4079,0.0000,0.0000,19.5870
4080,0.0000,0.0000,18.9330
4081,0.0000,0.0000,18.3830
4082,0.0000,0.0000,18.0150
4083,0.0000,0.0000,17.6170
4084,0.0000,0.0000,17.0590
4085,0.0000,0.0000,16.2870
4086,0.0000,0.0000,15.5370
4087,0.0160,0.0370,16.0560
4088,0.1820,0.2200,18.6580
4089,0.3730,0.4460,22.2190
4090,0.5290,0.6560,25.1700
4091,0.6370,0.8200,27.2990
4092,0.6830,0.8980,28.6560
4093,0.7060,0.9410,29.5220
4094,0.6580,0.8650,29.6350
4095,0.5610,0.7160,29.1470
4096,0.3860,0.4750,27.9610
4097,0.2530,0.3100,26.7250
4098,0.1210,0.1590,25.2840
4099,0.0200,0.0430,23.4120
4100,0.0000,0.0010,21.6310
4101,0.0000,0.0000,20.7930
4102,0.0000,0.0000,20.1140
4103,0.0000,0.0000,19.4780
4104,0.0000,0.0000,18.9040
4105,0.0000,0.0000,18.4790
4106,0.0000,0.0000,18.0700
4107,0.0000,0.0000,17.4870
4108,0.0000,0.0000,17.0660
4109,0.0000,0.0000,16.7020
4110,0.0000,0.0000,16.2690
4111,0.0180,0.0390,16.7500
4112,0.1750,0.2130,18.8890
4113,0.3520,0.4200,21.5570
4114,0.4980,0.6090,23.9250
4115,0.5900,0.7430,25.6180
4116,0.6190,0.7900,26.6940
4117,0.6180,0.7920,27.3640
4118,0.5080,0.6340,27.2120
4119,0.4260,0.5240,26.9360
4120,0.3260,0.3980,26.4440
4121,0.2250,0.2760,25.7340
4122,0.1180,0.1540,24.7430
4123,0.0240,0.0460,23.1250
4124,0.0000,0.0010,21.4780
4125,0.0000,0.0000,20.7770
4126,0.0000,0.0000,20.1390
4127,0.0000,0.0000,19.5610
4128,0.0000,0.0000,18.9710
4129,0.0000,0.0000,18.3980
4130,0.0000,0.0000,17.8010
4131,0.0000,0.0000,17.3310
4132,0.0000,0.0000,16.9820
4133,0.0000,0.0000,16.6440
4134,0.0000,0.0000,16.3770
4135,0.0120,0.0320,16.5910
4136,0.1040,0.1350,17.5730
4137,0.2050,0.2460,18.8680
4138,0.3080,0.3650,20.4730
4139,0.4060,0.4870,22.2130
4140,0.4670,0.5670,23.6270
4141,0.5370,0.6660,24.8740
4142,0.5200,0.6450,25.4610
4143,0.4600,0.5640,25.4650
4144,0.3570,0.4320,25.0060
4145,0.2630,0.3190,24.2470
4146,0.1290,0.1650,23.0150
4147,0.0280,0.0520,21.3880
4148,0.0000,0.0010,19.7170
4149,0.0000,0.0000,19.0940
4150,0.0000,0.0000,18.6770
4151,0.0000,0.0000,18.3110
4152,0.0000,0.0000,17.8540
4153,0.0000,0.0000,17.4010
4154,0.0000,0.0000,16.9670
4155,0.0000,0.0000,16.5950
4156,0.0000,0.0000,16.4660
4157,0.0000,0.0000,16.3990
4158,0.0000,0.0000,15.9980
4159,0.0190,0.0400,16.1760
4160,0.1590,0.1950,18.1940
4161,0.3220,0.3810,20.5520
4162,0.4660,0.5650,22.8560
4163,0.5550,0.6900,24.4050
4164,0.5700,0.7140,25.2020
4165,0.5430,0.6760,25.3240
4166,0.4640,0.5670,24.8150
4167,0.3650,0.4410,24.0340
4168,0.2950,0.3550,23.3410
4169,0.1980,0.2420,22.5910
4170,0.1090,0.1420,21.6550
4171,0.0260,0.0490,20.3870
4172,0.0000,0.0010,18.9540
4173,0.0000,0.0000,18.3260
4174,0.0000,0.0000,17.8630
4175,0.0000,0.0000,17.4500
4176,0.0000,0.0000,17.0710
4177,0.0000,0.0000,16.7700
4178,0.0000,0.0000,16.5070
4179,0.0000,0.0000,16.3420
4180,0.0000,0.0000,16.2190
4181,0.0000,0.0000,16.0410
4182,0.0000,0.0000,15.7650
4183,0.0160,0.0370,15.9540
4184,0.1520,0.1860,17.1370
4185,0.3330,0.3920,19.0600
4186,0.4850,0.5850,21.2520
4187,0.5960,0.7400,22.9140
4188,0.6450,0.8160,23.9690
4189,0.6180,0.7780,24.3010
4190,0.5650,0.7020,24.2030
4191,0.4840,0.5910,23.8250
4192,0.3790,0.4560,23.2950
4193,0.2630,0.3160,22.5670
4194,0.1380,0.1750,21.5590
4195,0.0290,0.0530,20.1600
4196,0.0000,0.0010,18.6250
4197,0.0000,0.0000,18.0140
4198,0.0000,0.0000,17.5660
4199,0.0000,0.0000,17.2320
4200,0.0000,0.0000,17.0030
4201,0.0000,0.0000,16.7550
4202,0.0000,0.0000,16.5030
4203,0.0000,0.0000,16.2820
4204,0.0000,0.0000,15.8770
4205,0.0000,0.0000,15.2750
4206,0.0000,0.0000,14.7020
4207,0.0160,0.0370,15.1930
4208,0.1760,0.2120,17.0900
4209,0.3670,0.4330,19.4660
4210,0.5310,0.6450,21.5480
4211,0.6480,0.8170,23.1430
4212,0.7140,0.9230,24.3600
4213,0.7230,0.9420,25.1800
4214,0.6920,0.8960,25.6690
4215,0.6240,0.7930,25.7180
4216,0.5080,0.6290,25.3210
4217,0.3510,0.4240,24.4620
4218,0.1660,0.2080,23.0700
4219,0.0360,0.0610,21.3900
4220,0.0000,0.0010,19.5390
4221,0.0000,0.0000,18.9480
4222,0.0000,0.0000,18.5950
4223,0.0000,0.0000,18.2940
4224,0.0000,0.0000,18.0540
4225,0.0000,0.0000,17.6510
4226,0.0000,0.0000,17.0640
4227,0.0000,0.0000,16.5590
4228,0.0000,0.0000,16.2850
4229,0.0000,0.0000,16.0650
4230,0.0000,0.0000,15.8950
4231,0.0100,0.0290,16.1920
4232,0.0790,0.1070,17.4110
4233,0.1760,0.2140,18.8440
4234,0.2590,0.3080,20.1410
4235,0.2980,0.3540,21.0410
4236,0.3140,0.3730,21.5000
4237,0.3550,0.4240,22.0790
4238,0.3330,0.3980,22.4320
4239,0.3190,0.3820,22.7730
4240,0.3100,0.3720,23.0150
4241,0.2520,0.3040,22.9340
4242,0.1480,0.1860,22.4290
4243,0.0330,0.0580,21.1340
4244,0.0000,0.0010,19.5330
4245,0.0000,0.0000,18.8400
4246,0.0000,0.0000,18.1940
4247,0.0000,0.0000,17.7700
4248,0.0000,0.0000,17.4290
4249,0.0000,0.0000,17.1140
4250,0.0000,0.0000,16.7840
4251,0.0000,0.0000,16.4360
4252,0.0000,0.0000,15.8700
4253,0.0000,0.0000,15.0790
4254,0.0000,0.0000,14.3900
4255,0.0150,0.0350,14.6950
4256,0.1790,0.2160,17.0090
4257,0.3760,0.4450,20.2960
4258,0.5390,0.6620,23.0950
4259,0.6560,0.8370,24.8730
4260,0.7240,0.9500,26.1480
4261,0.7470,0.9920,27.0080
4262,0.7050,0.9260,27.3750
4263,0.6330,0.8140,27.3730
4264,0.4860,0.6030,26.7380
4265,0.3360,0.4090,25.6930
4266,0.1580,0.1990,23.8480
4267,0.0270,0.0510,21.5300
4268,0.0000,0.0010,19.4580
4269,0.0000,0.0000,18.3850
4270,0.0000,0.0000,17.5200
4271,0.0000,0.0000,16.6100
4272,0.0000,0.0000,15.7700
4273,0.0000,0.0000,14.7200
4274,0.0000,0.0000,13.7850
4275,0.0000,0.0000,13.2060
4276,0.0000,0.0000,12.8210
4277,0.0000,0.0000,12.5730
4278,0.0000,0.0000,12.2890
4279,0.0130,0.0320,13.0280
4280,0.1820,0.2170,15.7300
4281,0.3870,0.4560,19.2250
4282,0.5500,0.6740,22.2240
4283,0.6660,0.8480,24.2380
4284,0.7340,0.9640,25.8360
4285,0.7570,1.0090,26.8970
4286,0.7370,0.9790,27.4800
4287,0.6740,0.8780,27.4340
4288,0.5630,0.7100,26.8430
4289,0.3890,0.4750,25.7030
4290,0.2030,0.2500,23.8930
4291,0.0360,0.0610,21.2510
4292,0.0000,0.0010,19.1190
4293,0.0000,0.0000,18.1360
4294,0.0000,0.0000,17.4100
4295,0.0000,0.0000,16.8590
4296,0.0000,0.0000,16.3220
4297,0.0000,0.0000,15.8750
4298,0.0000,0.0000,15.4760
4299,0.0000,0.0000,15.0660
4300,0.0000,0.0000,14.5550
4301,0.0000,0.0000,13.9450
4302,0.0000,0.0000,13.3890
4303,0.0160,0.0360,13.8610
4304,0.1820,0.2180,16.0020
4305,0.3790,0.4470,19.0300
4306,0.5450,0.6640,21.5210
4307,0.6600,0.8350,23.4720
4308,0.7170,0.9320,24.9590
4309,0.7240,0.9480,25.8760
4310,0.6780,0.8780,26.1860
4311,0.5400,0.6720,25.5670
4312,0.4160,0.5060,24.6620
4313,0.2420,0.2930,23.2600
4314,0.1030,0.1360,21.6560
4315,0.0170,0.0380,20.0650
4316,0.0000,0.0000,18.6130
4317,0.0000,0.0000,17.6090
4318,0.0000,0.0000,16.8210
4319,0.0000,0.0000,16.2190
4320,0.0000,0.0000,15.7300
4321,0.0000,0.0000,15.3300
4322,0.0000,0.0000,15.0190
4323,0.0000,0.0000,14.7760
4324,0.0000,0.0000,14.5180
4325,0.0000,0.0000,14.1670
4326,0.0000,0.0000,13.8020
4327,0.0180,0.0390,14.1190
4328,0.1640,0.1980,15.7720
4329,0.3490,0.4090,18.2320
4330,0.4990,0.6020,20.9790
4331,0.6140,0.7660,22.9260
4332,0.6630,0.8440,24.1790
4333,0.6680,0.8540,24.8170
4334,0.6070,0.7630,24.7160
4335,0.4920,0.6020,24.0860
4336,0.3710,0.4460,23.3010
4337,0.2340,0.2830,22.3560
4338,0.1160,0.1500,21.3190
4339,0.0220,0.0440,19.8930
4340,0.0000,0.0010,18.4520
4341,0.0000,0.0000,17.8850
4342,0.0000,0.0000,17.3960
4343,0.0000,0.0000,17.2350
4344,0.0000,0.0000,16.8450
4345,0.0000,0.0000,16.2350
4346,0.0000,0.0000,15.8310
4347,0.0000,0.0000,15.5360
4348,0.0000,0.0000,15.2770
4349,0.0000,0.0000,15.0300
4350,0.0000,0.0000,14.7830
4351,0.0040,0.0210,14.9190
4352,0.0650,0.0920,15.6590
4353,0.1320,0.1640,16.5140
4354,0.2080,0.2480,17.5080
4355,0.2660,0.3130,18.5910
4356,0.2820,0.3330,19.3130
4357,0.2770,0.3270,19.6780
4358,0.2600,0.3090,19.8540
4359,0.2240,0.2680,19.8700
4360,0.1470,0.1830,19.4960
4361,0.0970,0.1270,19.1490
4362,0.0430,0.0690,18.6790
4363,0.0070,0.0250,17.9930
4364,0.0000,0.0000,17.2800
4365,0.0000,0.0000,16.9740
4366,0.0000,0.0000,16.7210
4367,0.0000,0.0000,16.3610
4368,0.0000,0.0000,15.9630
4369,0.0000,0.0000,15.6360
4370,0.0000,0.0000,15.3620
4371,0.0000,0.0000,15.1430
4372,0.0000,0.0000,14.9650
4373,0.0000,0.0000,14.9230
4374,0.0000,0.0000,14.9000
4375,0.0060,0.0240,15.1840
4376,0.0850,0.1140,16.4590
4377,0.1810,0.2190,18.0580
4378,0.2500,0.2970,19.2970
4379,0.3150,0.3720,20.2090
4380,0.3310,0.3930,20.6790
4381,0.3170,0.3750,20.7230
4382,0.2780,0.3300,20.4860
4383,0.2390,0.2850,20.1490
4384,0.1950,0.2360,19.8350
4385,0.1400,0.1750,19.4450
4386,0.0730,0.1010,18.8630
4387,0.0130,0.0320,18.0110
4388,0.0000,0.0000,17.0460
4389,0.0000,0.0000,16.7610
4390,0.0000,0.0000,16.4190
4391,0.0000,0.0000,16.0280
4392,0.0000,0.0000,15.7270
4393,0.0000,0.0000,15.3320
4394,0.0000,0.0000,14.8980
4395,0.0000,0.0000,14.4050
4396,0.0000,0.0000,13.9540
4397,0.0000,0.0000,13.3880
4398,0.0000,0.0000,12.9160
4399,0.0180,0.0380,13.5370
4400,0.1290,0.1600,15.4390
4401,0.2420,0.2870,17.9660
4402,0.3310,0.3910,20.0710
4403,0.4120,0.4920,21.4270
4404,0.4660,0.5630,22.4230
4405,0.5040,0.6160,23.1430
4406,0.5250,0.6450,23.5970
4407,0.4960,0.6070,23.7850
4408,0.4290,0.5190,23.7600
4409,0.3050,0.3670,23.3810
4410,0.1700,0.2110,22.7530
4411,0.0410,0.0670,21.1760
4412,0.0000,0.0010,19.8140
4413,0.0000,0.0000,19.8900
4414,0.0000,0.0000,19.5740
4415,0.0000,0.0000,18.8980
4416,0.0000,0.0000,18.1710
4417,0.0000,0.0000,17.2310
4418,0.0000,0.0000,16.3790
4419,0.0000,0.0000,15.6080
4420,0.0000,0.0000,15.0400
4421,0.0000,0.0000,14.3640
4422,0.0000,0.0000,13.9350
4423,0.0170,0.0370,14.2370
4424,0.1640,0.1990,17.1200
4425,0.3380,0.3990,19.7770
4426,0.4770,0.5760,21.9150
4427,0.5840,0.7270,23.6650
4428,0.6430,0.8190,25.0620
4429,0.6500,0.8320,25.8580
4430,0.6240,0.7960,26.2420
4431,0.5490,0.6880,26.1470
4432,0.4450,0.5450,25.7040
4433,0.2840,0.3440,24.8110
4434,0.1340,0.1720,23.6190
4435,0.0230,0.0450,21.6090
4436,0.0000,0.0010,19.6830
4437,0.0000,0.0000,18.9660
4438,0.0000,0.0000,18.5640
4439,0.0000,0.0000,18.1720
4440,0.0000,0.0000,17.4930
4441,0.0000,0.0000,16.8440
4442,0.0000,0.0000,16.2220
4443,0.0000,0.0000,15.6540
4444,0.0000,0.0000,15.0770
4445,0.0000,0.0000,14.5690
4446,0.0000,0.0000,14.2380
4447,0.0140,0.0340,14.7900
4448,0.1690,0.2050,17.3000
4449,0.3690,0.4370,20.0740
4450,0.5420,0.6640,22.6480
4451,0.6610,0.8430,24.5830
4452,0.7320,0.9620,25.9600
4453,0.7570,1.0080,26.8910
4454,0.7380,0.9800,27.4110
4455,0.6750,0.8810,27.4930
4456,0.5670,0.7180,27.2620
4457,0.4150,0.5090,26.6730
4458,0.2270,0.2790,25.4100
4459,0.0490,0.0760,22.7740
4460,0.0000,0.0010,19.6930
4461,0.0000,0.0000,18.7380
4462,0.0000,0.0000,18.3050
4463,0.0000,0.0000,17.6380
4464,0.0000,0.0000,17.0660
4465,0.0000,0.0000,16.8380
4466,0.0000,0.0000,16.3030
4467,0.0000,0.0000,15.5760
4468,0.0000,0.0000,14.7540
4469,0.0000,0.0000,14.0870
4470,0.0000,0.0000,13.3860
4471,0.0090,0.0270,13.5530
4472,0.1820,0.2190,17.0400
4473,0.3800,0.4510,20.3260
4474,0.5430,0.6650,22.8170
4475,0.6580,0.8390,24.7700
4476,0.7250,0.9520,26.2460
4477,0.7440,0.9890,27.2420
4478,0.7170,0.9480,27.6840
4479,0.6300,0.8110,27.4340
4480,0.4760,0.5890,26.4890
4481,0.3030,0.3680,25.1140
4482,0.1470,0.1870,23.3920
4483,0.0320,0.0570,21.4110
4484,0.0000,0.0010,19.3680
4485,0.0000,0.0000,18.6420
4486,0.0000,0.0000,18.0350
4487,0.0000,0.0000,17.3280
4488,0.0000,0.0000,16.7520
4489,0.0000,0.0000,16.2260
4490,0.0000,0.0000,15.6690
4491,0.0000,0.0000,15.0750
4492,0.0000,0.0000,14.4990
4493,0.0000,0.0000,13.9250
4494,0.0000,0.0000,13.5180
4495,0.0110,0.0300,14.2180
4496,0.1770,0.2130,16.6400
4497,0.3840,0.4530,19.1300
4498,0.5490,0.6710,21.8070
4499,0.6650,0.8450,23.6680
4500,0.7340,0.9600,25.0340
4501,0.7540,0.9980,25.9210
4502,0.7340,0.9670,26.2960
4503,0.6730,0.8690,26.2160
4504,0.5410,0.6750,25.6910
4505,0.3850,0.4660,24.9620
4506,0.2100,0.2570,23.7930
4507,0.0490,0.0760,21.8340
4508,0.0000,0.0010,19.7120
4509,0.0000,0.0000,19.0960
4510,0.0000,0.0000,17.9700
4511,0.0000,0.0000,16.6550
4512,0.0000,0.0000,15.7190
4513,0.0000,0.0000,15.1690
4514,0.0000,0.0000,14.6970
4515,0.0000,0.0000,14.2650
4516,0.0000,0.0000,13.9620
4517,0.0000,0.0000,13.7270
4518,0.0000,0.0000,13.4300
4519,0.0120,0.0320,13.9240
4520,0.1750,0.2120,17.2940
4521,0.3660,0.4330,20.3580
4522,0.5270,0.6440,22.8640
4523,0.6450,0.8200,24.8950
4524,0.7090,0.9280,26.3980
4525,0.7230,0.9550,27.2120
4526,0.6930,0.9090,27.4070
4527,0.6090,0.7770,26.9700
4528,0.4700,0.5780,25.8060
4529,0.2850,0.3440,24.1300
4530,0.1150,0.1500,22.2550
4531,0.0200,0.0430,20.4360
4532,0.0000,0.0000,18.8730
4533,0.0000,0.0000,18.1460
4534,0.0000,0.0000,17.6030
4535,0.0000,0.0000,17.2070
4536,0.0000,0.0000,16.8410
4537,0.0000,0.0000,16.5860
4538,0.0000,0.0000,16.4220
4539,0.0000,0.0000,16.1470
4540,0.0000,0.0000,15.7620
4541,0.0000,0.0000,15.4220
4542,0.0000,0.0000,15.0710
4543,0.0110,0.0310,15.3300
4544,0.1150,0.1470,16.6320
4545,0.2420,0.2860,18.4740
4546,0.3610,0.4270,20.4530
4547,0.4470,0.5380,22.2070
4548,0.4510,0.5450,23.0500
4549,0.4510,0.5470,23.5130
4550,0.4310,0.5220,23.7100
4551,0.3610,0.4340,23.5260
4552,0.2930,0.3520,23.1930
4553,0.1960,0.2400,22.6870
4554,0.1100,0.1430,22.0200
4555,0.0230,0.0460,20.6700
4556,0.0000,0.0000,19.0180
4557,0.0000,0.0000,18.3560
4558,0.0000,0.0000,17.8700
4559,0.0000,0.0000,17.3620
4560,0.0000,0.0000,16.8520
4561,0.0000,0.0000,16.3700
4562,0.0000,0.0000,15.9680
4563,0.0000,0.0000,15.7090
4564,0.0000,0.0000,15.5250
4565,0.0000,0.0000,15.2940
4566,0.0000,0.0000,15.0300
4567,0.0090,0.0280,15.2400
4568,0.1160,0.1460,16.2750
4569,0.2850,0.3350,18.0490
4570,0.4500,0.5380,20.5980
4571,0.5280,0.6440,22.4170
4572,0.5260,0.6450,23.1610
4573,0.5180,0.6350,23.4180
4574,0.4290,0.5170,23.0390
4575,0.3630,0.4350,22.5830
4576,0.2640,0.3160,21.9710
4577,0.1800,0.2210,21.3660
4578,0.0900,0.1220,20.5610
4579,0.0150,0.0360,19.4400
4580,0.0000,0.0000,18.2890
4581,0.0000,0.0000,17.9340
4582,0.0000,0.0000,17.5690
4583,0.0000,0.0000,17.2070
4584,0.0000,0.0000,16.7970
4585,0.0000,0.0000,16.4570
4586,0.0000,0.0000,16.2740
4587,0.0000,0.0000,16.0730
4588,0.0000,0.0000,15.8220
4589,0.0000,0.0000,15.5620
4590,0.0000,0.0000,15.3730
4591,0.0030,0.0200,15.5720
4592,0.0660,0.0930,16.6190
4593,0.1450,0.1790,17.5510
4594,0.2210,0.2640,18.5180
4595,0.2630,0.3120,19.4600
4596,0.2850,0.3370,20.1360
4597,0.2870,0.3410,20.3430
4598,0.2900,0.3440,20.3790
4599,0.2760,0.3280,20.3090
4600,0.2330,0.2780,20.0450
4601,0.1920,0.2330,19.7090
4602,0.1320,0.1660,19.1760
4603,0.0320,0.0550,18.1590
4604,0.0000,0.0010,16.7170
4605,0.0000,0.0000,16.0840
4606,0.0000,0.0000,15.6540
4607,0.0000,0.0000,15.3450
4608,0.0000,0.0000,15.0460
4609,0.0000,0.0000,14.8430
4610,0.0000,0.0000,14.8270
4611,0.0000,0.0000,14.8920
4612,0.0000,0.0000,14.9260
4613,0.0000,0.0000,14.7500
4614,0.0000,0.0000,14.5100
4615,0.0150,0.0350,14.6200
4616,0.1470,0.1800,16.1780
4617,0.3160,0.3700,17.8650
4618,0.4840,0.5790,20.0770
4619,0.5890,0.7270,22.1090
4620,0.6220,0.7780,23.3190
4621,0.6140,0.7710,23.8370
4622,0.5500,0.6790,23.6140
4623,0.4470,0.5410,22.9870
4624,0.3340,0.4000,22.2810
4625,0.2180,0.2640,21.5450
4626,0.1170,0.1510,20.6720
4627,0.0250,0.0480,19.4310
4628,0.0000,0.0000,17.9500
4629,0.0000,0.0000,17.4000
4630,0.0000,0.0000,16.9720
4631,0.0000,0.0000,16.6660
4632,0.0000,0.0000,16.3950
4633,0.0000,0.0000,16.0890
4634,0.0000,0.0000,15.8610
4635,0.0000,0.0000,15.6920
4636,0.0000,0.0000,15.4200
4637,0.0000,0.0000,15.0660
4638,0.0000,0.0000,14.7100
4639,0.0130,0.0330,15.1020
4640,0.1280,0.1600,16.3170
4641,0.2970,0.3480,17.7960
4642,0.4430,0.5260,19.7740
4643,0.5380,0.6550,21.5530
4644,0.5770,0.7120,22.7040
4645,0.5700,0.7050,23.2540
4646,0.5280,0.6480,23.3540
4647,0.4140,0.4990,22.8610
4648,0.2890,0.3460,22.2010
4649,0.2060,0.2500,21.6070
4650,0.1150,0.1490,20.8820
4651,0.0230,0.0460,19.7320
4652,0.0000,0.0000,18.1000
4653,0.0000,0.0000,17.4320
4654,0.0000,0.0000,17.1170
4655,0.0000,0.0000,16.8740
4656,0.0000,0.0000,16.5990
4657,0.0000,0.0000,16.2000
4658,0.0000,0.0000,15.8330
4659,0.0000,0.0000,15.4260
4660,0.0000,0.0000,15.0470
4661,0.0000,0.0000,14.7490
4662,0.0000,0.0000,14.5230
4663,0.0150,0.0350,15.0700
4664,0.1410,0.1740,17.1060
4665,0.3270,0.3840,19.1880
4666,0.4780,0.5770,21.5130
4667,0.5460,0.6730,23.1550
4668,0.5470,0.6750,23.8430
4669,0.4670,0.5670,23.6740
4670,0.4000,0.4820,23.2150
4671,0.2950,0.3520,22.4330
4672,0.1980,0.2410,21.5180
4673,0.1120,0.1460,20.5470
4674,0.0480,0.0740,19.5790
4675,0.0040,0.0210,18.6140
4676,0.0000,0.0000,17.7740
4677,0.0000,0.0000,17.4050
4678,0.0000,0.0000,17.1050
4679,0.0000,0.0000,16.8110
4680,0.0000,0.0000,16.4930
4681,0.0000,0.0000,16.3430
4682,0.0000,0.0000,16.2240
4683,0.0000,0.0000,15.8930
4684,0.0000,0.0000,15.4970
4685,0.0000,0.0000,15.2100
4686,0.0000,0.0000,15.1300
4687,0.0110,0.0300,15.5460
4688,0.1180,0.1500,17.2660
4689,0.2650,0.3130,18.9710
4690,0.4130,0.4920,20.8100
4691,0.5600,0.6890,22.7040
4692,0.6120,0.7680,24.0540
4693,0.6060,0.7640,24.7920
4694,0.5770,0.7230,25.0490
4695,0.5090,0.6280,24.8170
4696,0.3920,0.4730,24.2420
4697,0.2610,0.3160,23.5310
4698,0.1420,0.1790,22.4670
4699,0.0300,0.0540,20.7070
4700,0.0000,0.0000,18.5970
4701,0.0000,0.0000,17.9730
4702,0.0000,0.0000,17.6470
4703,0.0000,0.0000,17.3480
4704,0.0000,0.0000,16.9640
4705,0.0000,0.0000,16.3090
4706,0.0000,0.0000,15.7420
4707,0.0000,0.0000,15.3460
4708,0.0000,0.0000,14.8970
4709,0.0000,0.0000,14.5990
4710,0.0000,0.0000,14.4110
4711,0.0140,0.0340,14.8950
4712,0.1650,0.2010,17.5190
4713,0.3570,0.4220,20.0200
4714,0.5320,0.6510,22.3330
4715,0.6460,0.8180,24.0870
4716,0.7050,0.9150,25.3020
4717,0.7100,0.9270,25.9550
4718,0.6670,0.8600,26.0780
4719,0.5920,0.7470,25.7810
4720,0.4740,0.5830,25.1940
4721,0.3200,0.3860,24.3050
4722,0.1540,0.1930,23.0970
4723,0.0290,0.0530,21.2560
4724,0.0000,0.0000,19.4810
4725,0.0000,0.0000,18.8140
4726,0.0000,0.0000,18.2790
4727,0.0000,0.0000,17.5390
4728,0.0000,0.0000,16.8390
4729,0.0000,0.0000,16.1780
4730,0.0000,0.0000,15.7080
4731,0.0000,0.0000,15.3570
4732,0.0000,0.0000,14.9790
4733,0.0000,0.0000,14.3080
4734,0.0000,0.0000,13.8120
4735,0.0130,0.0330,14.2830
4736,0.1750,0.2110,16.8130
4737,0.3810,0.4490,19.2640
4738,0.5420,0.6600,21.3800
4739,0.6490,0.8160,22.7740
4740,0.6990,0.8960,23.7060
4741,0.7020,0.9050,24.2390
4742,0.6560,0.8350,24.3380
4743,0.5550,0.6880,23.9590
4744,0.4170,0.5030,23.3190
4745,0.2900,0.3480,22.6220
4746,0.1520,0.1890,21.5520
4747,0.0290,0.0530,19.9160
4748,0.0000,0.0000,18.1360
4749,0.0000,0.0000,17.4770
4750,0.0000,0.0000,16.7820
4751,0.0000,0.0000,16.0910
4752,0.0000,0.0000,15.4350
4753,0.0000,0.0000,15.0720
4754,0.0000,0.0000,14.7560
4755,0.0000,0.0000,14.0620
4756,0.0000,0.0000,13.3440
4757,0.0000,0.0000,12.5640
4758,0.0000,0.0000,12.0620
4759,0.0100,0.0290,12.6890
4760,0.1790,0.2150,15.7480
4761,0.3850,0.4550,19.2490
4762,0.5510,0.6740,21.8010
4763,0.6680,0.8490,23.6370
4764,0.7370,0.9640,24.9690
4765,0.7580,1.0040,25.7990
4766,0.7270,0.9550,26.0540
4767,0.6410,0.8180,25.7050
4768,0.5120,0.6320,24.9600
4769,0.3360,0.4040,23.8780
4770,0.1700,0.2110,22.5860
4771,0.0340,0.0590,20.7690
4772,0.0000,0.0000,19.0050
4773,0.0000,0.0000,18.3400
4774,0.0000,0.0000,17.5670
4775,0.0000,0.0000,16.8930
4776,0.0000,0.0000,16.3940
4777,0.0000,0.0000,16.0020
4778,0.0000,0.0000,15.6580
4779,0.0000,0.0000,15.4110
4780,0.0000,0.0000,15.0870
4781,0.0000,0.0000,14.5990
4782,0.0000,0.0000,14.1930
4783,0.0100,0.0290,14.5210
4784,0.1780,0.2150,17.0200
4785,0.3760,0.4430,19.2940
4786,0.5450,0.6640,21.4700
4787,0.6620,0.8380,23.1860
4788,0.7190,0.9300,24.3530
4789,0.7090,0.9190,24.9010
4790,0.6890,0.8890,25.1660
4791,0.5890,0.7390,24.8020
4792,0.4520,0.5500,24.0060
4793,0.2970,0.3570,23.0450
4794,0.1460,0.1840,21.8700
4795,0.0280,0.0510,20.1970
4796,0.0000,0.0000,18.4640
4797,0.0000,0.0000,17.8430
4798,0.0000,0.0000,17.3030
4799,0.0000,0.0000,16.7910
4800,0.0000,0.0000,16.3080
4801,0.0000,0.0000,15.7400
4802,0.0000,0.0000,15.1620
4803,0.0000,0.0000,14.8100
4804,0.0000,0.0000,14.6450
4805,0.0000,0.0000,14.3430
4806,0.0000,0.0000,14.1280
4807,0.0110,0.0310,14.5550
4808,0.1230,0.1540,16.3020
4809,0.2790,0.3290,18.4020
4810,0.4280,0.5100,20.2630
4811,0.5300,0.6460,21.8340
4812,0.5860,0.7260,23.0070
4813,0.5990,0.7480,23.7400
4814,0.6000,0.7510,24.1880
4815,0.5620,0.6980,24.2620
4816,0.4760,0.5810,24.0240
4817,0.3300,0.3970,23.4000
4818,0.1710,0.2120,22.3870
4819,0.0360,0.0600,20.3490
4820,0.0000,0.0000,18.0950
4821,0.0000,0.0000,17.3470
4822,0.0000,0.0000,16.8440
4823,0.0000,0.0000,16.5860
4824,0.0000,0.0000,16.3090
4825,0.0000,0.0000,16.1340
4826,0.0000,0.0000,15.5920
4827,0.0000,0.0000,14.9130
4828,0.0000,0.0000,14.4610
4829,0.0000,0.0000,14.0640
4830,0.0000,0.0000,13.7630
4831,0.0100,0.0290,14.3100
4832,0.1230,0.1550,15.8480
4833,0.2970,0.3470,17.6390
4834,0.4340,0.5140,19.7090
4835,0.5230,0.6350,21.3530
4836,0.5540,0.6790,22.4250
4837,0.5350,0.6560,22.9970
4838,0.5070,0.6190,23.2730
4839,0.3970,0.4780,22.9390
4840,0.2950,0.3530,22.3710
4841,0.1950,0.2380,21.7060
4842,0.0960,0.1280,20.7950
4843,0.0160,0.0360,19.3390
4844,0.0000,0.0000,18.0110
4845,0.0000,0.0000,17.6200
4846,0.0000,0.0000,17.2860
4847,0.0000,0.0000,17.0300
4848,0.0000,0.0000,16.7270
4849,0.0000,0.0000,16.3560
4850,0.0000,0.0000,16.1060
4851,0.0000,0.0000,15.9330
4852,0.0000,0.0000,15.8490
4853,0.0000,0.0000,15.6470
4854,0.0000,0.0000,15.2850
4855,0.0050,0.0220,15.3110
4856,0.0890,0.1190,16.4270
4857,0.2060,0.2450,17.7140
4858,0.3050,0.3590,18.9660
4859,0.4130,0.4920,20.4480
4860,0.4980,0.6030,21.8750
4861,0.5260,0.6440,22.8730
4862,0.5070,0.6190,23.2880
4863,0.4410,0.5340,23.1780
4864,0.3160,0.3780,22.5160
4865,0.2010,0.2440,21.6310
4866,0.0910,0.1220,20.5250
4867,0.0120,0.0320,19.1580
4868,0.0000,0.0000,18.0430
4869,0.0000,0.0000,17.6820
4870,0.0000,0.0000,17.3830
4871,0.0000,0.0000,17.1010
4872,0.0000,0.0000,16.7930
4873,0.0000,0.0000,16.4850
4874,0.0000,0.0000,16.1460
4875,0.0000,0.0000,15.8470
4876,0.0000,0.0000,15.4040
4877,0.0000,0.0000,15.0770
4878,0.0000,0.0000,14.7320
4879,0.0000,0.0150,14.4480
4880,0.0680,0.0940,14.7870
4881,0.2130,0.2500,15.7990
4882,0.4270,0.5010,18.0100
4883,0.5980,0.7340,20.6060
4884,0.6570,0.8270,22.3410
4885,0.6460,0.8130,23.0280
4886,0.6200,0.7760,23.1750
4887,0.5380,0.6590,22.7980
4888,0.4050,0.4850,22.0190
4889,0.2600,0.3100,21.0570
4890,0.1330,0.1680,19.9970
4891,0.0190,0.0410,18.5700
4892,0.0000,0.0000,17.2630
4893,0.0000,0.0000,16.7600
4894,0.0000,0.0000,16.3940
4895,0.0000,0.0000,16.0780
4896,0.0000,0.0000,15.7890
4897,0.0000,0.0000,15.5390
4898,0.0000,0.0000,15.3830
4899,0.0000,0.0000,15.2440
4900,0.0000,0.0000,15.0200
4901,0.0000,0.0000,14.7510
4902,0.0000,0.0000,14.4780
4903,0.0070,0.0250,14.6510
4904,0.1050,0.1350,15.7900
4905,0.2320,0.2740,17.3910
4906,0.3230,0.3790,18.5920
4907,0.4270,0.5070,19.7530
4908,0.4790,0.5750,20.6930
4909,0.4600,0.5510,21.0150
4910,0.3640,0.4300,20.5280
4911,0.2710,0.3200,19.7720
4912,0.1880,0.2270,19.1080
4913,0.1080,0.1400,18.4680
4914,0.0410,0.0660,17.7330
4915,0.0010,0.0170,16.9350
4916,0.0000,0.0000,16.3390
4917,0.0000,0.0000,16.1240
4918,0.0000,0.0000,16.0010
4919,0.0000,0.0000,15.8620
4920,0.0000,0.0000,15.5990
4921,0.0000,0.0000,15.4250
4922,0.0000,0.0000,15.4220
4923,0.0000,0.0000,15.2370
4924,0.0000,0.0000,14.9240
4925,0.0000,0.0000,14.6460
4926,0.0000,0.0000,14.4730
4927,0.0020,0.0180,14.6700
4928,0.0700,0.0980,15.6310
4929,0.1750,0.2120,16.9060
4930,0.2720,0.3200,18.1460
4931,0.3730,0.4390,19.3240
4932,0.4170,0.4950,20.1560
4933,0.3940,0.4670,20.4380
4934,0.3420,0.4050,20.3200
4935,0.2690,0.3190,19.8550
4936,0.1980,0.2390,19.3010
4937,0.1130,0.1450,18.5610
4938,0.0420,0.0670,17.6850
4939,0.0000,0.0150,16.8540
4940,0.0000,0.0000,16.3160
4941,0.0000,0.0000,16.0790
4942,0.0000,0.0000,15.8530
4943,0.0000,0.0000,15.6540
4944,0.0000,0.0000,15.4330
4945,0.0000,0.0000,15.2200
4946,0.0000,0.0000,14.9680
4947,0.0000,0.0000,14.7150
4948,0.0000,0.0000,14.4300
4949,0.0000,0.0000,14.3250
4950,0.0000,0.0000,14.0430
4951,0.0110,0.0300,14.2950
4952,0.1350,0.1680,16.1340
4953,0.2860,0.3360,17.6580
4954,0.4110,0.4860,18.9610
4955,0.5080,0.6110,20.1590
4956,0.5790,0.7100,21.1430
4957,0.5320,0.6470,21.4990
4958,0.4530,0.5440,21.3550
4959,0.3770,0.4480,21.0160
4960,0.2950,0.3500,20.6570
4961,0.2030,0.2450,20.2490
4962,0.1040,0.1360,19.5870
4963,0.0150,0.0360,18.5670
4964,0.0000,0.0000,17.6270
4965,0.0000,0.0000,17.3910
4966,0.0000,0.0000,17.0260
4967,0.0000,0.0000,16.4580
4968,0.0000,0.0000,15.8660
4969,0.0000,0.0000,15.3390
4970,0.0000,0.0000,14.7890
4971,0.0000,0.0000,14.2960
4972,0.0000,0.0000,13.9890
4973,0.0000,0.0000,13.8800
4974,0.0000,0.0000,13.5170
4975,0.0100,0.0280,13.5380
4976,0.1710,0.2060,15.8450
4977,0.3860,0.4540,18.5930
4978,0.5570,0.6770,20.5330
4979,0.6780,0.8570,22.2340
4980,0.7500,0.9760,23.5530
4981,0.7740,1.0210,24.4780
4982,0.7490,0.9840,24.9810
4983,0.6740,0.8650,24.9770
4984,0.5560,0.6900,24.5480
4985,0.3840,0.4630,23.6980
4986,0.1900,0.2330,22.3510
4987,0.0360,0.0610,20.1900
4988,0.0000,0.0000,17.9550
4989,0.0000,0.0000,17.1440
4990,0.0000,0.0000,16.3180
4991,0.0000,0.0000,15.4970
4992,0.0000,0.0000,14.7450
4993,0.0000,0.0000,14.0960
4994,0.0000,0.0000,13.1900
4995,0.0000,0.0000,12.4460
4996,0.0000,0.0000,11.8870
4997,0.0000,0.0000,11.4590
4998,0.0000,0.0000,11.1330
4999,0.0060,0.0230,11.7920
5000,0.1790,0.2140,15.4190
5001,0.3870,0.4540,18.5490
5002,0.5620,0.6850,20.8580
5003,0.6830,0.8660,22.4490
5004,0.7540,0.9820,23.6480
5005,0.7780,1.0270,24.4360
5006,0.7560,0.9930,24.7560
5007,0.6880,0.8850,24.6720
5008,0.5680,0.7050,24.2070
5009,0.3950,0.4760,23.3390
5010,0.1950,0.2380,21.9760
5011,0.0370,0.0620,19.9180
5012,0.0000,0.0000,17.8020
5013,0.0000,0.0000,17.0900
5014,0.0000,0.0000,16.4580
5015,0.0000,0.0000,15.8550
5016,0.0000,0.0000,15.2470
5017,0.0000,0.0000,14.5380
5018,0.0000,0.0000,13.8330
5019,0.0000,0.0000,13.2390
5020,0.0000,0.0000,12.7720
5021,0.0000,0.0000,12.3300
5022,0.0000,0.0000,11.9170
5023,0.0070,0.0250,12.2600
5024,0.1810,0.2170,15.4480
5025,0.3890,0.4560,18.0370
5026,0.5590,0.6790,20.3030
5027,0.6780,0.8560,22.0870
5028,0.7440,0.9660,23.4880
5029,0.7430,0.9700,24.3300
5030,0.7140,0.9260,24.7000
5031,0.6320,0.8000,24.5490
5032,0.4860,0.5940,23.8580
5033,0.3120,0.3740,22.9090
5034,0.1530,0.1910,21.9450
5035,0.0200,0.0420,20.0720
5036,0.0000,0.0000,18.4470
5037,0.0000,0.0000,17.8320
5038,0.0000,0.0000,17.4280
5039,0.0000,0.0000,16.6420
5040,0.0000,0.0000,15.5160
5041,0.0000,0.0000,14.6030
5042,0.0000,0.0000,14.0250
5043,0.0000,0.0000,13.4540
5044,0.0000,0.0000,12.9410
5045,0.0000,0.0000,12.3720
5046,0.0000,0.0000,11.8270
5047,0.0090,0.0270,12.0140
5048,0.1710,0.2050,14.9140
5049,0.3840,0.4510,18.4030
5050,0.5540,0.6730,20.5330
5051,0.6760,0.8540,22.2420
5052,0.7490,0.9740,23.5130
5053,0.7740,1.0210,24.3460
5054,0.7530,0.9890,24.7230
5055,0.6830,0.8760,24.5640
5056,0.5560,0.6880,23.9850
5057,0.3740,0.4490,23.0380
5058,0.1890,0.2320,21.8470
5059,0.0350,0.0590,19.9870
5060,0.0000,0.0000,17.7980
5061,0.0000,0.0000,17.3010
5062,0.0000,0.0000,17.1000
5063,0.0000,0.0000,16.6360
5064,0.0000,0.0000,15.7890
5065,0.0000,0.0000,15.1410
5066,0.0000,0.0000,14.6150
5067,0.0000,0.0000,14.2810
5068,0.0000,0.0000,13.9720
5069,0.0000,0.0000,13.3790
5070,0.0000,0.0000,12.8840
5071,0.0080,0.0270,13.1030
5072,0.1740,0.2090,16.3620
5073,0.3810,0.4490,19.7060
5074,0.5480,0.6700,21.9430
5075,0.6670,0.8460,23.1710
5076,0.7320,0.9530,24.3390
5077,0.7490,0.9850,25.1290
5078,0.7150,0.9320,25.4560
5079,0.6220,0.7890,25.2220
5080,0.4750,0.5820,24.6180
5081,0.3030,0.3650,23.9090
5082,0.1540,0.1940,23.2660
5083,0.0260,0.0500,21.2630
5084,0.0000,0.0000,19.7540
5085,0.0000,0.0000,19.2630
5086,0.0000,0.0000,18.4220
5087,0.0000,0.0000,17.5370
5088,0.0000,0.0000,16.8940
5089,0.0000,0.0000,16.3910
5090,0.0000,0.0000,15.8880
5091,0.0000,0.0000,15.3890
5092,0.0000,0.0000,15.0600
5093,0.0000,0.0000,14.4750
5094,0.0000,0.0000,13.7520
5095,0.0080,0.0260,13.8230
5096,0.1680,0.2030,16.2540
5097,0.3820,0.4490,18.9280
5098,0.5540,0.6760,21.3710
5099,0.6750,0.8580,23.3460
5100,0.7460,0.9770,24.7620
5101,0.7630,1.0110,25.6960
5102,0.7350,0.9690,26.1830
5103,0.6640,0.8560,26.1600
5104,0.5420,0.6760,25.6390
5105,0.3860,0.4680,24.8240
5106,0.2080,0.2550,23.6210
5107,0.0410,0.0660,21.3470
5108,0.0000,0.0000,18.5060
5109,0.0000,0.0000,17.6310
5110,0.0000,0.0000,17.3330
5111,0.0000,0.0000,16.2800
5112,0.0000,0.0000,15.1380
5113,0.0000,0.0000,14.5800
5114,0.0000,0.0000,14.4210
5115,0.0000,0.0000,14.4310
5116,0.0000,0.0000,14.3020
5117,0.0000,0.0000,14.1310
5118,0.0000,0.0000,13.9620
5119,0.0100,0.0280,14.0930
5120,0.1600,0.1940,16.6270
5121,0.3610,0.4250,18.9760
5122,0.5320,0.6480,21.5150
5123,0.6480,0.8190,23.4720
5124,0.7110,0.9210,24.7950
5125,0.7170,0.9350,25.5300
5126,0.6620,0.8500,25.6110
5127,0.5390,0.6690,25.0010
5128,0.3960,0.4790,24.1900
5129,0.2660,0.3210,23.3040
5130,0.1280,0.1640,22.1950
5131,0.0220,0.0440,20.2240
5132,0.0000,0.0000,18.1760
5133,0.0000,0.0000,17.6630
5134,0.0000,0.0000,17.4150
5135,0.0000,0.0000,16.5670
5136,0.0000,0.0000,15.6550
5137,0.0000,0.0000,14.9240
5138,0.0000,0.0000,14.2930
5139,0.0000,0.0000,13.8000
5140,0.0000,0.0000,13.4210
5141,0.0000,0.0000,13.1220
5142,0.0000,0.0000,12.7860
5143,0.0090,0.0280,13.1690
5144,0.1610,0.1950,16.2850
5145,0.3540,0.4170,19.3150
5146,0.5180,0.6290,21.5680
5147,0.6380,0.8020,23.2780
5148,0.6990,0.9000,24.5350
5149,0.7090,0.9210,25.2900
5150,0.6800,0.8770,25.5990
5151,0.6030,0.7610,25.4200
5152,0.4740,0.5810,24.8250
5153,0.3270,0.3940,23.9300
5154,0.1480,0.1870,22.6280
5155,0.0240,0.0460,20.9250
5156,0.0000,0.0000,19.0260
5157,0.0000,0.0000,18.2520
5158,0.0000,0.0000,17.8670
5159,0.0000,0.0000,17.7740
5160,0.0000,0.0000,17.4390
5161,0.0000,0.0000,17.0260
5162,0.0000,0.0000,16.4870
5163,0.0000,0.0000,15.7710
5164,0.0000,0.0000,15.3380
5165,0.0000,0.0000,14.9500
5166,0.0000,0.0000,14.5990
5167,0.0100,0.0290,14.8430
5168,0.1440,0.1770,17.1060
5169,0.3080,0.3630,19.2680
5170,0.4290,0.5120,21.0790
5171,0.5370,0.6570,22.4450
5172,0.5760,0.7140,23.4100
5173,0.5580,0.6910,23.7910
5174,0.4880,0.5950,23.6210
5175,0.3990,0.4810,23.1030
5176,0.2870,0.3440,22.4280
5177,0.1800,0.2220,21.7090
5178,0.0910,0.1230,20.7250
5179,0.0120,0.0310,19.2800
5180,0.0000,0.0000,18.0610
5181,0.0000,0.0000,17.8640
5182,0.0000,0.0000,17.6680
5183,0.0000,0.0000,17.3760
5184,0.0000,0.0000,17.0580
5185,0.0000,0.0000,16.7330
5186,0.0000,0.0000,16.4540
5187,0.0000,0.0000,16.2040
5188,0.0000,0.0000,16.0350
5189,0.0000,0.0000,15.8810
5190,0.0000,0.0000,15.7390
5191,0.0000,0.0130,15.7300
5192,0.0510,0.0770,16.4880
5193,0.1340,0.1670,17.4620
5194,0.2040,0.2440,18.5100
5195,0.2570,0.3050,19.3950
5196,0.2850,0.3370,19.9730
5197,0.3020,0.3570,20.5840
5198,0.2830,0.3360,21.0150
5199,0.2480,0.2970,21.1600
5200,0.1990,0.2420,20.9390
5201,0.1350,0.1700,20.3430
5202,0.0620,0.0900,19.4380
5203,0.0060,0.0240,18.2520
5204,0.0000,0.0000,17.2260
5205,0.0000,0.0000,16.8530
5206,0.0000,0.0000,16.6040
5207,0.0000,0.0000,16.5170
5208,0.0000,0.0000,16.5320
5209,0.0000,0.0000,16.1850
5210,0.0000,0.0000,15.8790
5211,0.0000,0.0000,15.6630
5212,0.0000,0.0000,15.4440
5213,0.0000,0.0000,15.2290
5214,0.0000,0.0000,15.1040
5215,0.0020,0.0190,15.2600
5216,0.0820,0.1110,16.4980
5217,0.1980,0.2370,17.8160
5218,0.3180,0.3750,19.2210
5219,0.4020,0.4770,20.5690
5220,0.4360,0.5220,21.3660
5221,0.4000,0.4770,21.4670
5222,0.3570,0.4240,21.1640
5223,0.2850,0.3390,20.6660
5224,0.1970,0.2380,19.9610
5225,0.1290,0.1630,19.2290
5226,0.0550,0.0820,18.3610
5227,0.0030,0.0200,17.4670
5228,0.0000,0.0000,16.8380
5229,0.0000,0.0000,16.5550
5230,0.0000,0.0000,16.2900
5231,0.0000,0.0000,16.0050
5232,0.0000,0.0000,15.7770
5233,0.0000,0.0000,15.5520
5234,0.0000,0.0000,15.3200
5235,0.0000,0.0000,15.1230
5236,0.0000,0.0000,14.9430
5237,0.0000,0.0000,14.7780
5238,0.0000,0.0000,14.6390
5239,0.0000,0.0150,14.7750
5240,0.0770,0.1050,15.7010
5241,0.2370,0.2790,17.1880
5242,0.4250,0.5020,18.9940
5243,0.5770,0.7050,20.7800
5244,0.6310,0.7850,21.9340
5245,0.6120,0.7610,22.4070
5246,0.5720,0.7060,22.5060
5247,0.4970,0.6030,22.3010
5248,0.3610,0.4300,21.6860
5249,0.2360,0.2830,20.8740
5250,0.1060,0.1390,19.8350
5251,0.0130,0.0330,18.5140
5252,0.0000,0.0000,17.2850
5253,0.0000,0.0000,16.8850
5254,0.0000,0.0000,16.5700
5255,0.0000,0.0000,16.2670
5256,0.0000,0.0000,15.9770
5257,0.0000,0.0000,15.7390
5258,0.0000,0.0000,15.5850
5259,0.0000,0.0000,15.4210
5260,0.0000,0.0000,15.2690
5261,0.0000,0.0000,15.0580
5262,0.0000,0.0000,14.8930
5263,0.0000,0.0130,14.9940
5264,0.0610,0.0870,15.8190
5265,0.1760,0.2130,17.0150
5266,0.3320,0.3900,18.4590
5267,0.4850,0.5800,20.1280
5268,0.5840,0.7170,21.6120
5269,0.6440,0.8080,22.7370
5270,0.6420,0.8080,23.4820
5271,0.5540,0.6840,23.5440
5272,0.4470,0.5410,23.3800
5273,0.3050,0.3660,22.9840
5274,0.1610,0.2020,22.2580
5275,0.0280,0.0510,20.3450
5276,0.0000,0.0000,18.2100
5277,0.0000,0.0000,17.6950
5278,0.0000,0.0000,17.2570
5279,0.0000,0.0000,16.7280
5280,0.0000,0.0000,16.2220
5281,0.0000,0.0000,15.7320
5282,0.0000,0.0000,15.3550
5283,0.0000,0.0000,15.1870
5284,0.0000,0.0000,15.1040
5285,0.0000,0.0000,14.8280
5286,0.0000,0.0000,14.4700
5287,0.0060,0.0240,14.6170
5288,0.1320,0.1640,17.1310
5289,0.3060,0.3610,19.7520
5290,0.4700,0.5660,21.6780
5291,0.6040,0.7520,22.8910
5292,0.6950,0.8920,23.9030
5293,0.7370,0.9620,24.5850
5294,0.7220,0.9390,24.8140
5295,0.6250,0.7890,24.4820
5296,0.4790,0.5840,23.7970
5297,0.3010,0.3600,22.7730
5298,0.1500,0.1880,21.6470
5299,0.0230,0.0460,20.0800
5300,0.0000,0.0000,18.5910
5301,0.0000,0.0000,18.2360
5302,0.0000,0.0000,17.8500
5303,0.0000,0.0000,17.4460
5304,0.0000,0.0000,17.2220
5305,0.0000,0.0000,16.6690
5306,0.0000,0.0000,15.7300
5307,0.0000,0.0000,14.8410
5308,0.0000,0.0000,14.3170
5309,0.0000,0.0000,14.0260
5310,0.0000,0.0000,14.0090
5311,0.0060,0.0240,14.4260
5312,0.1470,0.1800,16.3710
5313,0.3330,0.3900,18.2270
5314,0.5320,0.6420,20.2960
5315,0.6360,0.7920,21.7050
5316,0.6320,0.7900,22.2490
5317,0.5790,0.7140,22.2890
5318,0.5470,0.6700,22.2640
5319,0.5010,0.6080,22.2500
5320,0.4090,0.4900,22.0590
5321,0.2840,0.3390,21.5590
5322,0.1400,0.1760,20.6640
5323,0.0180,0.0390,19.1410
5324,0.0000,0.0000,17.6950
5325,0.0000,0.0000,17.2530
5326,0.0000,0.0000,16.9640
5327,0.0000,0.0000,16.7760
5328,0.0000,0.0000,16.7130
5329,0.0000,0.0000,16.5720
5330,0.0000,0.0000,16.0440
5331,0.0000,0.0000,15.5790
5332,0.0000,0.0000,15.3290
5333,0.0000,0.0000,15.0430
5334,0.0000,0.0000,14.7500
5335,0.0060,0.0240,14.8950
5336,0.1580,0.1930,17.4120
5337,0.3700,0.4390,20.3770
5338,0.5300,0.6480,22.4900
5339,0.6520,0.8260,24.0240
5340,0.7220,0.9390,24.9830
5341,0.6900,0.8910,25.2460
5342,0.6110,0.7700,24.9800
5343,0.5250,0.6480,24.4910
5344,0.3920,0.4730,23.7150
5345,0.2570,0.3090,22.7560
5346,0.1350,0.1710,21.8620
5347,0.0170,0.0380,20.1750
5348,0.0000,0.0000,18.5990
5349,0.0000,0.0000,18.1120
5350,0.0000,0.0000,17.7910
5351,0.0000,0.0000,17.5970
5352,0.0000,0.0000,17.3750
5353,0.0000,0.0000,16.8710
5354,0.0000,0.0000,16.3120
5355,0.0000,0.0000,15.7920
5356,0.0000,0.0000,15.4590
5357,0.0000,0.0000,15.4550
5358,0.0000,0.0000,15.3650
5359,0.0010,0.0170,15.3850
5360,0.1070,0.1380,16.4270
5361,0.3000,0.3520,17.9090
5362,0.5000,0.5980,19.7430
5363,0.6220,0.7720,21.4740
5364,0.6720,0.8500,22.6820
5365,0.6600,0.8350,23.3400
5366,0.6380,0.8050,23.6810
5367,0.5410,0.6660,23.4670
5368,0.3920,0.4700,22.8770
5369,0.2590,0.3110,22.1950
5370,0.1400,0.1760,21.4240
5371,0.0220,0.0440,20.0030
5372,0.0000,0.0000,18.2630
5373,0.0000,0.0000,17.8840
5374,0.0000,0.0000,17.5440
5375,0.0000,0.0000,17.1530
5376,0.0000,0.0000,16.9530
5377,0.0000,0.0000,16.7710
5378,0.0000,0.0000,16.4130
5379,0.0000,0.0000,15.9060
5380,0.0000,0.0000,15.4230
5381,0.0000,0.0000,15.0110
5382,0.0000,0.0000,14.6300
5383,0.0050,0.0230,14.6130
5384,0.1620,0.1960,16.7560
5385,0.3780,0.4430,18.6900
5386,0.5580,0.6790,20.6230
5387,0.6860,0.8700,22.3630
5388,0.7580,0.9890,23.6500
5389,0.7820,1.0350,24.5540
5390,0.7530,0.9890,24.9240
5391,0.6660,0.8520,24.7530
5392,0.5530,0.6850,24.3310
5393,0.3810,0.4580,23.4900
5394,0.1800,0.2210,22.2440
5395,0.0270,0.0500,20.2670
5396,0.0000,0.0000,18.5940
5397,0.0000,0.0000,18.3930
5398,0.0000,0.0000,17.9670
5399,0.0000,0.0000,17.4510
5400,0.0000,0.0000,16.9000
5401,0.0000,0.0000,16.1630
5402,0.0000,0.0000,15.4860
5403,0.0000,0.0000,15.0080
5404,0.0000,0.0000,14.6630
5405,0.0000,0.0000,14.3150
5406,0.0000,0.0000,14.1130
5407,0.0050,0.0220,14.3540
5408,0.1580,0.1930,17.0470
5409,0.3640,0.4300,19.8190
5410,0.5420,0.6590,21.4330
5411,0.6710,0.8490,22.9240
5412,0.7310,0.9490,24.0280
5413,0.7410,0.9690,24.7130
5414,0.7180,0.9340,25.0300
5415,0.6400,0.8130,24.8950
5416,0.5180,0.6380,24.5140
5417,0.3480,0.4190,23.8010
5418,0.1780,0.2210,23.0740
5419,0.0270,0.0500,20.8560
5420,0.0000,0.0000,18.9270
5421,0.0000,0.0000,18.6670
5422,0.0000,0.0000,18.2240
5423,0.0000,0.0000,17.2170
5424,0.0000,0.0000,15.9840
5425,0.0000,0.0000,15.2900
5426,0.0000,0.0000,14.8980
5427,0.0000,0.0000,14.4400
5428,0.0000,0.0000,14.1870
5429,0.0000,0.0000,14.1590
5430,0.0000,0.0000,14.1310
5431,0.0040,0.0210,14.3560
5432,0.1410,0.1740,16.8580
5433,0.3450,0.4070,19.6080
5434,0.5330,0.6490,21.4770
5435,0.6690,0.8470,23.0400
5436,0.7440,0.9710,24.3040
5437,0.7710,1.0210,25.1690
5438,0.7460,0.9820,25.5060
5439,0.6810,0.8780,25.3640
5440,0.5430,0.6730,24.7140
5441,0.3670,0.4430,23.5850
5442,0.1850,0.2280,22.0870
5443,0.0270,0.0500,19.9840
5444,0.0000,0.0000,17.9710
5445,0.0000,0.0000,17.1460
5446,0.0000,0.0000,16.8090
5447,0.0000,0.0000,16.7660
5448,0.0000,0.0000,16.5340
5449,0.0000,0.0000,16.2040
5450,0.0000,0.0000,15.9180
5451,0.0000,0.0000,15.5730
5452,0.0000,0.0000,15.3240
5453,0.0000,0.0000,15.0350
5454,0.0000,0.0000,14.6570
5455,0.0040,0.0210,14.4730
5456,0.1340,0.1660,16.3300
5457,0.3320,0.3900,18.8010
5458,0.5270,0.6390,21.1150
5459,0.6580,0.8310,22.8780
5460,0.7260,0.9400,24.0680
5461,0.7410,0.9700,24.7670
5462,0.7100,0.9210,25.0140
5463,0.6350,0.8060,24.8880
5464,0.5070,0.6230,24.3790
5465,0.3240,0.3900,23.3680
5466,0.1610,0.2010,22.0210
5467,0.0250,0.0480,19.9340
5468,0.0000,0.0000,17.8360
5469,0.0000,0.0000,17.2700
5470,0.0000,0.0000,16.8540
5471,0.0000,0.0000,16.5220
5472,0.0000,0.0000,16.1740
5473,0.0000,0.0000,15.7300
5474,0.0000,0.0000,15.2760
5475,0.0000,0.0000,14.9440
5476,0.0000,0.0000,14.7980
5477,0.0000,0.0000,14.7190
5478,0.0000,0.0000,14.7350
5479,0.0040,0.0210,14.9400
5480,0.1300,0.1620,16.6640
5481,0.3150,0.3710,19.2140
5482,0.4840,0.5820,21.0760
5483,0.5790,0.7140,22.4480
5484,0.6010,0.7490,23.2160
5485,0.5470,0.6740,23.3560
5486,0.4410,0.5330,23.0010
5487,0.3460,0.4140,22.4720
5488,0.2900,0.3470,22.0490
5489,0.2050,0.2480,21.5600
5490,0.1060,0.1380,20.7580
5491,0.0140,0.0340,19.3500
5492,0.0000,0.0000,17.8960
5493,0.0000,0.0000,17.6120
5494,0.0000,0.0000,17.3300
5495,0.0000,0.0000,17.0300
5496,0.0000,0.0000,16.6520
5497,0.0000,0.0000,16.3040
5498,0.0000,0.0000,16.0150
5499,0.0000,0.0000,15.7370
5500,0.0000,0.0000,15.5140
5501,0.0000,0.0000,15.3940
5502,0.0000,0.0000,15.2720
5503,0.0020,0.0180,15.4300
5504,0.1200,0.1520,17.1390
5505,0.3030,0.3560,18.7310
5506,0.4750,0.5690,20.6260
5507,0.5650,0.6950,22.3720
5508,0.6130,0.7680,23.4930
5509,0.6240,0.7860,24.2240
5510,0.5880,0.7360,24.5590
5511,0.5120,0.6300,24.4360
5512,0.4260,0.5160,24.0340
5513,0.2790,0.3360,23.1960
5514,0.1350,0.1710,21.9940
5515,0.0190,0.0410,19.9540
5516,0.0000,0.0000,18.1100
5517,0.0000,0.0000,17.2870
5518,0.0000,0.0000,16.8460
5519,0.0000,0.0000,16.2800
5520,0.0000,0.0000,15.7100
5521,0.0000,0.0000,15.1750
5522,0.0000,0.0000,14.7050
5523,0.0000,0.0000,14.5450
5524,0.0000,0.0000,14.2310
5525,0.0000,0.0000,13.8870
5526,0.0000,0.0000,13.6690
5527,0.0040,0.0210,13.9800
5528,0.1500,0.1840,16.5390
5529,0.3550,0.4170,19.0210
5530,0.5310,0.6450,21.2650
5531,0.6560,0.8280,23.0410
5532,0.7340,0.9560,24.4530
5533,0.7440,0.9760,25.2440
5534,0.6450,0.8220,25.1170
5535,0.5340,0.6620,24.6900
5536,0.4250,0.5160,24.3190
5537,0.3150,0.3800,23.9930
5538,0.1510,0.1910,23.2150
5539,0.0180,0.0390,20.8940
5540,0.0000,0.0000,18.9210
5541,0.0000,0.0000,18.3790
5542,0.0000,0.0000,17.7430
5543,0.0000,0.0000,16.8300
5544,0.0000,0.0000,16.0650
5545,0.0000,0.0000,15.4780
5546,0.0000,0.0000,15.0050
5547,0.0000,0.0000,13.9750
5548,0.0000,0.0000,13.2560
5549,0.0000,0.0000,12.7830
5550,0.0000,0.0000,12.3000
5551,0.0020,0.0180,12.2610
5552,0.1810,0.2160,15.0180
5553,0.4000,0.4700,18.1280
5554,0.5760,0.7050,20.9570
5555,0.6970,0.8890,22.8980
5556,0.7640,1.0030,24.3640
5557,0.7760,1.0300,25.3360
5558,0.7250,0.9480,25.6500
5559,0.6160,0.7790,25.3130
5560,0.4560,0.5560,24.5300
5561,0.3130,0.3760,23.5470
5562,0.1590,0.1970,22.2790
5563,0.0210,0.0430,20.0780
5564,0.0000,0.0000,18.1030
5565,0.0000,0.0000,17.4890
5566,0.0000,0.0000,16.9610
5567,0.0000,0.0000,16.4190
5568,0.0000,0.0000,15.7630
5569,0.0000,0.0000,15.1790
5570,0.0000,0.0000,14.5200
5571,0.0000,0.0000,13.9220
5572,0.0000,0.0000,13.4270
5573,0.0000,0.0000,12.9970
5574,0.0000,0.0000,12.6240
5575,0.0030,0.0190,12.7600
5576,0.1630,0.1970,15.7320
5577,0.3800,0.4460,18.3210
5578,0.5720,0.6980,20.5430
5579,0.6960,0.8830,22.1040
5580,0.7690,1.0040,23.2060
5581,0.7740,1.0180,23.8120
5582,0.7210,0.9330,23.8790
5583,0.6320,0.7950,23.5610
5584,0.5140,0.6280,23.1100
5585,0.3480,0.4150,22.3140
5586,0.1710,0.2110,21.0300
5587,0.0200,0.0420,19.0040
5588,0.0000,0.0000,17.3160
5589,0.0000,0.0000,16.6970
5590,0.0000,0.0000,16.1600
5591,0.0000,0.0000,15.7110
5592,0.0000,0.0000,15.3710
5593,0.0000,0.0000,15.1140
5594,0.0000,0.0000,14.8820
5595,0.0000,0.0000,14.6370
5596,0.0000,0.0000,14.4140
5597,0.0000,0.0000,14.2550
5598,0.0000,0.0000,14.1260
5599,0.0010,0.0170,14.2290
5600,0.1090,0.1390,15.2950
5601,0.2870,0.3350,16.7820
5602,0.4150,0.4880,18.4380
5603,0.5330,0.6440,20.2140
5604,0.6330,0.7870,21.6480
5605,0.6430,0.8070,22.4760
5606,0.5820,0.7190,22.6600
5607,0.4730,0.5720,22.2860
5608,0.3340,0.3980,21.5200
5609,0.2160,0.2600,20.6340
5610,0.0840,0.1140,19.5310
5611,0.0020,0.0190,18.2150
5612,0.0000,0.0000,17.3130
5613,0.0000,0.0000,16.9790
5614,0.0000,0.0000,16.6780
5615,0.0000,0.0000,16.3660
5616,0.0000,0.0000,16.1630
5617,0.0000,0.0000,15.8690
5618,0.0000,0.0000,15.6010
5619,0.0000,0.0000,15.4000
5620,0.0000,0.0000,15.3610
5621,0.0000,0.0000,15.2610
5622,0.0000,0.0000,15.0640
5623,0.0000,0.0120,15.0060
5624,0.0900,0.1190,16.3890
5625,0.2630,0.3100,18.7860
5626,0.4170,0.4970,20.6080
5627,0.5320,0.6480,22.1190
5628,0.5890,0.7310,23.1730
5629,0.5920,0.7370,23.6210
5630,0.5080,0.6210,23.3760
5631,0.4350,0.5250,22.9630
5632,0.3380,0.4040,22.3970
5633,0.2270,0.2730,21.6400
5634,0.1040,0.1370,20.6640
5635,0.0090,0.0280,19.2100
5636,0.0000,0.0000,17.8580
5637,0.0000,0.0000,17.2070
5638,0.0000,0.0000,16.7670
5639,0.0000,0.0000,16.4420
5640,0.0000,0.0000,16.2350
5641,0.0000,0.0000,15.9410
5642,0.0000,0.0000,15.6640
5643,0.0000,0.0000,15.4710
5644,0.0000,0.0000,15.3660
5645,0.0000,0.0000,14.9900
5646,0.0000,0.0000,14.6590
5647,0.0020,0.0180,14.6070
5648,0.1450,0.1790,16.7150
5649,0.3450,0.4070,19.7290
5650,0.5180,0.6290,21.8840
5651,0.6310,0.7940,23.5270
5652,0.6850,0.8780,24.4800
5653,0.6790,0.8720,24.8350
5654,0.6230,0.7880,24.7230
5655,0.5210,0.6420,24.2460
5656,0.4080,0.4930,23.6930
5657,0.2740,0.3290,23.1000
5658,0.1360,0.1730,22.2490
5659,0.0150,0.0360,20.3910
5660,0.0000,0.0000,18.8110
5661,0.0000,0.0000,18.4050
5662,0.0000,0.0000,18.0890
5663,0.0000,0.0000,17.7090
5664,0.0000,0.0000,17.2730
5665,0.0000,0.0000,16.7560
5666,0.0000,0.0000,16.2070
5667,0.0000,0.0000,15.6980
5668,0.0000,0.0000,15.3930
5669,0.0000,0.0000,15.0150
5670,0.0000,0.0000,14.7020
5671,0.0020,0.0180,14.9260
5672,0.1320,0.1650,17.6060
5673,0.3110,0.3680,20.5790
5674,0.4390,0.5280,22.2760
5675,0.5360,0.6590,23.4980
5676,0.5840,0.7300,24.3240
5677,0.5670,0.7070,24.6840
5678,0.5100,0.6280,24.6620
5679,0.4250,0.5170,24.3530
5680,0.2840,0.3420,23.6800
5681,0.1670,0.2070,22.8830
5682,0.0680,0.0970,21.7810
5683,0.0020,0.0180,20.1820
5684,0.0000,0.0000,19.2610
5685,0.0000,0.0000,19.0010
5686,0.0000,0.0000,18.7530
5687,0.0000,0.0000,18.3900
5688,0.0000,0.0000,18.0030
5689,0.0000,0.0000,17.6320
5690,0.0000,0.0000,17.2460
5691,0.0000,0.0000,17.0590
5692,0.0000,0.0000,16.8400
5693,0.0000,0.0000,16.6840
5694,0.0000,0.0000,16.3540
5695,0.0000,0.0140,16.0800
5696,0.0920,0.1220,17.5230
5697,0.2390,0.2860,20.1140
5698,0.3730,0.4450,21.7820
5699,0.4670,0.5640,22.5420
5700,0.5410,0.6670,23.6680
5701,0.5660,0.7050,24.4130
5702,0.5200,0.6410,24.5980
5703,0.4240,0.5140,24.3350
5704,0.3260,0.3930,23.9740
5705,0.1980,0.2440,23.4990
5706,0.0810,0.1130,22.5190
5707,0.0030,0.0200,20.6760
5708,0.0000,0.0000,19.3970
5709,0.0000,0.0000,18.8610
5710,0.0000,0.0000,18.4160
5711,0.0000,0.0000,18.0880
5712,0.0000,0.0000,17.7970
5713,0.0000,0.0000,17.4810
5714,0.0000,0.0000,17.0200
5715,0.0000,0.0000,16.5660
5716,0.0000,0.0000,16.2230
5717,0.0000,0.0000,15.9260
5718,0.0000,0.0000,15.6810
5719,0.0000,0.0120,15.4920
5720,0.0980,0.1270,16.6290
5721,0.2550,0.3010,18.5300
5722,0.4030,0.4780,19.9940
5723,0.5160,0.6250,21.5100
5724,0.5360,0.6560,22.4970
5725,0.5570,0.6880,23.1730
5726,0.5480,0.6770,23.6160
5727,0.4990,0.6100,23.7540
5728,0.4040,0.4870,23.5510
5729,0.3000,0.3600,23.1160
5730,0.1500,0.1890,22.1670
5731,0.0140,0.0350,19.9040
5732,0.0000,0.0000,17.9000
5733,0.0000,0.0000,17.5860
5734,0.0000,0.0000,17.2160
5735,0.0000,0.0000,16.6310
5736,0.0000,0.0000,16.1980
5737,0.0000,0.0000,15.9620
5738,0.0000,0.0000,15.7240
5739,0.0000,0.0000,15.3910
5740,0.0000,0.0000,15.0760
5741,0.0000,0.0000,14.6190
5742,0.0000,0.0000,14.1450
5743,0.0010,0.0170,13.9320
5744,0.1530,0.1870,16.6170
5745,0.3660,0.4330,19.8080
5746,0.5340,0.6510,22.0220
5747,0.6510,0.8250,23.8370
5748,0.7270,0.9500,25.2450
5749,0.7690,1.0250,26.2650
5750,0.7510,0.9980,26.7570
5751,0.6730,0.8720,26.6260
5752,0.5550,0.6950,26.0780
5753,0.3870,0.4710,25.1360
5754,0.1850,0.2280,23.6000
5755,0.0150,0.0350,20.7670
5756,0.0000,0.0000,18.8490
5757,0.0000,0.0000,18.2780
5758,0.0000,0.0000,17.7480
5759,0.0000,0.0000,17.2360
5760,0.0000,0.0000,16.7300
5761,0.0000,0.0000,16.1880
5762,0.0000,0.0000,15.6120
5763,0.0000,0.0000,14.8240
5764,0.0000,0.0000,14.1800
5765,0.0000,0.0000,13.6000
5766,0.0000,0.0000,13.1170
5767,0.0010,0.0160,12.9410
5768,0.1330,0.1640,15.1390
5769,0.3540,0.4150,18.5430
5770,0.5330,0.6460,21.0410
5771,0.6570,0.8280,22.9820
5772,0.7260,0.9420,24.4260
5773,0.7570,0.9990,25.4360
5774,0.7410,0.9760,25.9800
5775,0.6830,0.8840,26.0270
5776,0.5750,0.7220,25.6520
5777,0.4150,0.5050,24.8820
5778,0.2040,0.2500,23.6810
5779,0.0210,0.0420,20.6320
5780,0.0000,0.0000,18.4280
5781,0.0000,0.0000,17.9440
5782,0.0000,0.0000,17.3730
5783,0.0000,0.0000,16.4030
5784,0.0000,0.0000,15.2430
5785,0.0000,0.0000,14.3610
5786,0.0000,0.0000,13.7310
5787,0.0000,0.0000,13.1520
5788,0.0000,0.0000,12.6700
5789,0.0000,0.0000,12.3840
5790,0.0000,0.0000,12.2750
5791,0.0010,0.0170,12.3160
5792,0.1430,0.1740,15.1410
5793,0.3290,0.3870,18.9550
5794,0.4930,0.5950,21.4340
5795,0.6070,0.7550,22.8060
5796,0.6650,0.8460,23.8510
5797,0.6750,0.8630,24.3910
5798,0.6290,0.7950,24.4050
5799,0.5500,0.6800,23.9730
5800,0.4370,0.5280,23.2540
5801,0.2880,0.3450,22.2850
5802,0.1310,0.1660,20.8390
5803,0.0100,0.0280,18.2080
5804,0.0000,0.0000,16.5730
5805,0.0000,0.0000,16.2340
5806,0.0000,0.0000,15.8910
5807,0.0000,0.0000,15.5490
5808,0.0000,0.0000,15.3980
5809,0.0000,0.0000,15.0620
5810,0.0000,0.0000,14.6860
5811,0.0000,0.0000,14.2290
5812,0.0000,0.0000,13.8980
5813,0.0000,0.0000,13.6520
5814,0.0000,0.0000,13.4710
5815,0.0000,0.0130,13.4940
5816,0.1080,0.1380,15.7380
5817,0.2880,0.3390,18.6230
5818,0.4950,0.5970,21.2410
5819,0.6460,0.8140,23.3130
5820,0.7380,0.9630,24.6360
5821,0.7760,1.0330,25.7350
5822,0.7680,1.0240,26.4570
5823,0.7020,0.9180,26.6370
5824,0.5840,0.7370,26.3070
5825,0.4130,0.5030,25.5080
5826,0.1950,0.2400,24.0850
5827,0.0170,0.0380,20.7850
5828,0.0000,0.0000,18.0780
5829,0.0000,0.0000,17.1710
5830,0.0000,0.0000,16.5980
5831,0.0000,0.0000,16.1410
5832,0.0000,0.0000,15.1450
5833,0.0000,0.0000,14.5510
5834,0.0000,0.0000,14.1870
5835,0.0000,0.0000,13.7810
5836,0.0000,0.0000,13.2200
5837,0.0000,0.0000,12.7650
5838,0.0000,0.0000,12.4280
5839,0.0000,0.0160,12.4020
5840,0.1610,0.1940,15.2060
5841,0.3890,0.4560,18.0760
5842,0.5710,0.6960,20.6310
5843,0.6940,0.8850,22.8380
5844,0.7630,1.0030,24.5370
5845,0.7790,1.0370,25.6690
5846,0.7440,0.9830,26.2290
5847,0.6560,0.8420,26.1730
5848,0.5230,0.6500,25.6160
5849,0.3570,0.4320,24.4980
5850,0.1730,0.2150,22.8550
5851,0.0160,0.0370,19.8050
5852,0.0000,0.0000,17.3520
5853,0.0000,0.0000,16.7650
5854,0.0000,0.0000,16.1960
5855,0.0000,0.0000,15.4510
5856,0.0000,0.0000,14.6460
5857,0.0000,0.0000,14.1430
5858,0.0000,0.0000,13.7800
5859,0.0000,0.0000,13.4230
5860,0.0000,0.0000,13.1140
5861,0.0000,0.0000,12.7910
5862,0.0000,0.0000,12.4550
5863,0.0000,0.0160,12.3940
5864,0.1590,0.1930,14.9090
5865,0.3930,0.4610,18.3560
5866,0.5710,0.7000,21.5780
5867,0.6950,0.8900,23.6650
5868,0.7670,1.0140,25.1890
5869,0.7810,1.0440,26.1220
5870,0.6990,0.9100,26.2650
5871,0.5980,0.7570,25.9380
5872,0.4620,0.5670,25.2110
5873,0.3120,0.3760,24.1540
5874,0.1320,0.1690,22.4760
5875,0.0100,0.0300,20.0130
5876,0.0000,0.0000,18.2340
5877,0.0000,0.0000,17.2440
5878,0.0000,0.0000,16.0810
5879,0.0000,0.0000,15.1210
5880,0.0000,0.0000,14.1860
5881,0.0000,0.0000,13.3570
5882,0.0000,0.0000,12.8580
5883,0.0000,0.0000,12.5590
5884,0.0000,0.0000,12.2160
5885,0.0000,0.0000,11.8930
5886,0.0000,0.0000,11.5780
5887,0.0000,0.0150,11.5670
5888,0.1460,0.1770,13.6970
5889,0.3660,0.4250,16.4610
5890,0.5450,0.6590,20.1520
5891,0.6740,0.8520,22.6210
5892,0.7400,0.9640,24.3340
5893,0.7490,0.9860,25.3810
5894,0.6830,0.8820,25.6710
5895,0.5410,0.6720,25.1040
5896,0.3640,0.4400,24.0880
5897,0.1990,0.2440,22.8300
5898,0.0650,0.0940,21.2870
5899,0.0000,0.0150,19.5730
5900,0.0000,0.0000,18.4990
5901,0.0000,0.0000,17.9450
5902,0.0000,0.0000,17.3940
5903,0.0000,0.0000,16.8530
5904,0.0000,0.0000,16.5020
5905,0.0000,0.0000,16.2960
5906,0.0000,0.0000,16.0420
5907,0.0000,0.0000,15.7560
5908,0.0000,0.0000,15.5260
5909,0.0000,0.0000,15.2030
5910,0.0000,0.0000,14.9610
5911,0.0000,0.0090,14.8870
5912,0.0650,0.0920,15.9980
5913,0.1820,0.2200,17.4000
5914,0.3350,0.3930,18.8300
5915,0.4800,0.5760,20.3970
5916,0.5800,0.7140,21.8790
5917,0.6000,0.7460,22.8170
5918,0.5650,0.6980,23.1170
5919,0.4810,0.5850,22.9040
5920,0.3900,0.4670,22.4610
5921,0.2610,0.3130,21.7850
5922,0.1070,0.1400,20.6470
5923,0.0070,0.0260,18.9300
5924,0.0000,0.0000,17.6510
5925,0.0000,0.0000,17.1720
5926,0.0000,0.0000,16.6950
5927,0.0000,0.0000,16.2840
5928,0.0000,0.0000,15.8280
5929,0.0000,0.0000,15.4120
5930,0.0000,0.0000,15.2930
5931,0.0000,0.0000,15.2830
5932,0.0000,0.0000,15.2390
5933,0.0000,0.0000,15.0770
5934,0.0000,0.0000,14.8050
5935,0.0000,0.0110,14.6600
5936,0.1080,0.1380,16.1410
5937,0.2890,0.3410,18.8920
5938,0.4470,0.5350,20.9470
5939,0.5490,0.6740,22.5570
5940,0.5990,0.7480,23.7130
5941,0.6240,0.7870,24.4490
5942,0.5820,0.7280,24.7040
5943,0.4670,0.5700,24.3770
5944,0.3030,0.3650,23.6660
5945,0.1920,0.2360,23.1190
5946,0.0890,0.1210,22.3890
5947,0.0030,0.0200,20.4270
5948,0.0000,0.0000,19.2760
5949,0.0000,0.0000,18.7690
5950,0.0000,0.0000,18.3350
5951,0.0000,0.0000,17.7220
5952,0.0000,0.0000,17.1470
5953,0.0000,0.0000,16.7000
5954,0.0000,0.0000,16.2660
5955,0.0000,0.0000,15.9600
5956,0.0000,0.0000,15.6960
5957,0.0000,0.0000,15.2910
5958,0.0000,0.0000,14.7080
5959,0.0000,0.0100,14.4220
5960,0.0930,0.1220,16.0290
5961,0.2580,0.3050,18.9190
5962,0.4420,0.5290,21.3740
5963,0.5970,0.7430,23.2270
5964,0.6980,0.9010,24.7540
5965,0.7380,0.9700,25.7970
5966,0.7150,0.9360,26.2910
5967,0.6190,0.7890,26.2140
5968,0.4650,0.5720,25.7510
5969,0.2820,0.3420,25.0270
5970,0.1210,0.1560,23.5270
5971,0.0090,0.0280,20.4990
5972,0.0000,0.0000,19.0020
5973,0.0000,0.0000,18.4210
5974,0.0000,0.0000,18.0510
5975,0.0000,0.0000,17.4220
5976,0.0000,0.0000,17.0330
5977,0.0000,0.0000,16.1530
5978,0.0000,0.0000,15.4610
5979,0.0000,0.0000,15.0780
5980,0.0000,0.0000,14.7820
5981,0.0000,0.0000,14.1750
5982,0.0000,0.0000,13.7460
5983,0.0000,0.0140,13.4410
5984,0.1410,0.1740,15.8990
5985,0.3570,0.4200,19.1220
5986,0.5400,0.6570,21.6640
5987,0.6720,0.8540,23.5700
5988,0.7480,0.9820,24.9470
5989,0.7730,1.0290,25.7860
5990,0.7210,0.9440,25.9600
5991,0.5720,0.7170,25.3410
5992,0.3800,0.4600,24.2310
5993,0.1960,0.2400,22.8740
5994,0.0560,0.0840,21.3520
5995,0.0000,0.0110,19.6000
5996,0.0000,0.0000,18.4470
5997,0.0000,0.0000,17.8250
5998,0.0000,0.0000,17.3630
5999,0.0000,0.0000,16.8930
6000,0.0000,0.0000,16.5200
6001,0.0000,0.0000,16.1560
6002,0.0000,0.0000,15.7720
6003,0.0000,0.0000,15.3650
6004,0.0000,0.0000,14.9720
6005,0.0000,0.0000,14.7320
6006,0.0000,0.0000,14.3890
6007,0.0000,0.0110,14.1380
6008,0.0810,0.1090,15.5050
6009,0.2160,0.2570,17.4590
6010,0.2950,0.3480,18.8580
6011,0.3560,0.4210,20.0770
6012,0.4380,0.5240,21.3040
6013,0.4910,0.5950,22.3290
6014,0.5000,0.6090,22.8950
6015,0.4200,0.5060,22.8150
6016,0.2980,0.3570,22.3930
6017,0.1690,0.2080,21.7830
6018,0.0670,0.0950,20.5780
6019,0.0000,0.0150,18.6970
6020,0.0000,0.0000,17.5680
6021,0.0000,0.0000,17.0970
6022,0.0000,0.0000,16.7250
6023,0.0000,0.0000,16.2480
6024,0.0000,0.0000,15.8500
6025,0.0000,0.0000,15.6230
6026,0.0000,0.0000,15.4520
6027,0.0000,0.0000,15.2160
6028,0.0000,0.0000,14.8090
6029,0.0000,0.0000,14.3710
6030,0.0000,0.0000,13.8550
6031,0.0000,0.0090,13.6800
6032,0.0830,0.1110,15.2750
6033,0.2230,0.2630,17.0560
6034,0.3670,0.4320,18.7560
6035,0.4720,0.5650,20.5340
6036,0.4750,0.5720,21.6150
6037,0.4170,0.5000,21.9210
6038,0.3560,0.4240,21.7390
6039,0.2920,0.3480,21.3290
6040,0.2140,0.2580,20.7490
6041,0.1360,0.1720,20.0770
6042,0.0540,0.0810,19.1330
6043,0.0000,0.0140,17.7870
6044,0.0000,0.0000,16.9910
6045,0.0000,0.0000,16.7440
6046,0.0000,0.0000,16.4040
6047,0.0000,0.0000,16.2260
6048,0.0000,0.0000,16.1750
6049,0.0000,0.0000,15.8540
6050,0.0000,0.0000,15.5100
6051,0.0000,0.0000,15.3090
6052,0.0000,0.0000,15.1910
6053,0.0000,0.0000,15.1120
6054,0.0000,0.0000,14.9760
6055,0.0000,0.0060,14.8450
6056,0.0550,0.0810,15.7440
6057,0.2070,0.2470,17.5750
6058,0.3800,0.4490,19.4620
6059,0.5360,0.6520,21.2850
6060,0.6430,0.8080,22.9410
6061,0.6910,0.8860,23.9330
6062,0.6600,0.8400,24.3040
6063,0.5620,0.6970,23.9890
6064,0.4180,0.5040,23.1810
6065,0.2570,0.3080,22.1840
6066,0.1050,0.1370,20.9320
6067,0.0030,0.0210,18.9550
6068,0.0000,0.0000,17.6940
6069,0.0000,0.0000,17.2270
6070,0.0000,0.0000,16.9160
6071,0.0000,0.0000,16.8030
6072,0.0000,0.0000,16.3780
6073,0.0000,0.0000,15.9500
6074,0.0000,0.0000,15.7070
6075,0.0000,0.0000,15.4080
6076,0.0000,0.0000,15.0580
6077,0.0000,0.0000,14.6010
6078,0.0000,0.0000,14.1770
6079,0.0000,0.0110,14.0660
6080,0.1030,0.1330,16.0120
6081,0.2760,0.3250,18.3690
6082,0.4520,0.5400,20.3680
6083,0.5690,0.7000,22.1900
6084,0.6460,0.8160,23.6000
6085,0.6580,0.8380,24.3450
6086,0.5950,0.7440,24.2960
6087,0.4700,0.5720,23.5950
6088,0.2590,0.3120,22.2810
6089,0.1460,0.1830,21.0970
6090,0.0500,0.0770,19.8310
6091,0.0000,0.0090,18.4940
6092,0.0000,0.0000,17.7290
6093,0.0000,0.0000,17.3610
6094,0.0000,0.0000,17.0090
6095,0.0000,0.0000,16.5730
6096,0.0000,0.0000,16.1580
6097,0.0000,0.0000,15.7800
6098,0.0000,0.0000,15.4590
6099,0.0000,0.0000,15.1420
6100,0.0000,0.0000,14.6280
6101,0.0000,0.0000,14.2160
6102,0.0000,0.0000,14.0060
6103,0.0000,0.0090,13.7330
6104,0.0920,0.1210,15.3570
6105,0.2690,0.3150,17.8880
6106,0.3900,0.4600,19.4290
6107,0.4710,0.5650,20.9000
6108,0.5320,0.6490,22.0950
6109,0.4940,0.6000,22.5670
6110,0.4590,0.5540,22.6810
6111,0.3410,0.4080,22.2580
6112,0.2300,0.2780,21.6420
6113,0.1310,0.1670,21.0760
6114,0.0490,0.0760,20.2360
6115,0.0000,0.0110,18.8770
6116,0.0000,0.0000,18.3850
6117,0.0000,0.0000,18.1320
6118,0.0000,0.0000,17.4650
6119,0.0000,0.0000,16.9060
6120,0.0000,0.0000,16.4540
6121,0.0000,0.0000,16.0610
6122,0.0000,0.0000,15.7400
6123,0.0000,0.0000,15.4740
6124,0.0000,0.0000,15.2970
6125,0.0000,0.0000,15.0870
6126,0.0000,0.0000,14.7830
6127,0.0000,0.0070,14.5160
6128,0.0850,0.1130,15.4610
6129,0.2830,0.3310,17.5100
6130,0.4580,0.5450,19.8580
6131,0.5950,0.7340,21.7570
6132,0.6170,0.7700,22.8280
6133,0.4990,0.6070,22.7480
6134,0.3990,0.4780,22.1270
6135,0.2930,0.3490,21.2120
6136,0.1940,0.2350,20.3430
6137,0.1120,0.1450,19.5730
6138,0.0410,0.0670,18.7200
6139,0.0000,0.0090,17.7170
6140,0.0000,0.0000,17.0750
6141,0.0000,0.0000,16.7090
6142,0.0000,0.0000,16.2340
6143,0.0000,0.0000,15.7470
6144,0.0000,0.0000,15.3190
6145,0.0000,0.0000,15.0060
6146,0.0000,0.0000,14.8030
6147,0.0000,0.0000,14.5360
6148,0.0000,0.0000,14.2600
6149,0.0000,0.0000,13.9930
6150,0.0000,0.0000,13.7080
6151,0.0000,0.0100,13.4550
6152,0.1210,0.1510,15.1380
6153,0.3720,0.4350,17.9830
6154,0.5610,0.6820,20.4950
6155,0.6850,0.8680,22.4260
6156,0.7330,0.9500,23.6850
6157,0.7030,0.9050,24.2670
6158,0.5860,0.7320,24.0890
6159,0.4950,0.6040,23.5650
6160,0.3440,0.4110,22.7230
6161,0.1870,0.2290,21.6860
6162,0.0610,0.0900,20.3790
6163,0.0000,0.0110,18.8910
6164,0.0000,0.0000,18.0220
6165,0.0000,0.0000,17.5460
6166,0.0000,0.0000,16.9080
6167,0.0000,0.0000,16.1770
6168,0.0000,0.0000,15.6350
6169,0.0000,0.0000,15.0650
6170,0.0000,0.0000,14.5530
6171,0.0000,0.0000,14.0630
6172,0.0000,0.0000,13.5470
6173,0.0000,0.0000,13.1830
6174,0.0000,0.0000,12.8400
6175,0.0000,0.0060,12.4310
6176,0.0610,0.0870,13.0930
6177,0.2190,0.2570,14.7670
6178,0.4140,0.4860,18.0300
6179,0.5780,0.7050,20.4880
6180,0.6680,0.8420,22.3880
6181,0.6950,0.8890,23.6430
6182,0.6670,0.8500,24.2840
6183,0.5930,0.7420,24.3510
6184,0.4910,0.6000,23.9800
6185,0.3520,0.4220,23.2370
6186,0.1630,0.2030,21.8690
6187,0.0090,0.0280,18.8430
6188,0.0000,0.0000,16.9370
6189,0.0000,0.0000,16.6490
6190,0.0000,0.0000,16.3290
6191,0.0000,0.0000,15.3590
6192,0.0000,0.0000,14.4870
6193,0.0000,0.0000,13.8260
6194,0.0000,0.0000,13.4780
6195,0.0000,0.0000,13.1030
6196,0.0000,0.0000,12.9240
6197,0.0000,0.0000,12.9730
6198,0.0000,0.0000,12.9130
6199,0.0000,0.0100,12.8210
6200,0.1100,0.1400,14.6960
6201,0.3240,0.3780,17.3550
6202,0.5140,0.6170,19.8840
6203,0.6470,0.8100,22.1750
6204,0.7190,0.9280,23.8280
6205,0.7320,0.9540,24.8550
6206,0.6750,0.8670,25.1050
6207,0.5780,0.7220,24.6720
6208,0.4080,0.4930,23.6020
6209,0.2330,0.2820,22.3790
6210,0.0900,0.1200,21.0210
6211,0.0000,0.0160,19.1180
6212,0.0000,0.0000,18.0440
6213,0.0000,0.0000,17.5680
6214,0.0000,0.0000,17.0360
6215,0.0000,0.0000,16.6820
6216,0.0000,0.0000,16.5010
6217,0.0000,0.0000,16.1490
6218,0.0000,0.0000,15.6030
6219,0.0000,0.0000,15.1040
6220,0.0000,0.0000,14.7720
6221,0.0000,0.0000,14.5090
6222,0.0000,0.0000,14.2030
6223,0.0000,0.0090,14.0080
6224,0.1100,0.1400,15.8960
6225,0.3050,0.3580,18.2340
6226,0.5030,0.6040,20.1240
6227,0.6290,0.7830,22.0310
6228,0.7120,0.9150,23.5000
6229,0.7530,0.9860,24.4820
6230,0.7330,0.9570,24.9280
6231,0.6690,0.8560,24.7810
6232,0.5420,0.6700,24.1770
6233,0.3510,0.4220,23.0990
6234,0.1410,0.1770,21.3640
6235,0.0050,0.0220,18.8310
6236,0.0000,0.0000,17.3600
6237,0.0000,0.0000,16.9540
6238,0.0000,0.0000,16.5730
6239,0.0000,0.0000,16.3020
6240,0.0000,0.0000,15.8640
6241,0.0000,0.0000,15.6210
6242,0.0000,0.0000,15.4970
6243,0.0000,0.0000,15.4440
6244,0.0000,0.0000,15.4110
6245,0.0000,0.0000,15.3930
6246,0.0000,0.0000,15.3570
6247,0.0000,0.0040,15.3070
6248,0.0420,0.0670,15.7860
6249,0.1540,0.1890,16.5110
6250,0.3000,0.3510,17.5960
6251,0.4600,0.5460,19.2400
6252,0.5550,0.6740,20.7610
6253,0.5330,0.6480,21.3690
6254,0.4180,0.4990,21.0280
6255,0.3000,0.3560,20.2790
6256,0.2170,0.2600,19.5590
6257,0.1470,0.1820,18.9390
6258,0.0760,0.1040,18.2610
6259,0.0000,0.0140,17.1170
6260,0.0000,0.0000,16.4660
6261,0.0000,0.0000,16.3670
6262,0.0000,0.0000,16.2030
6263,0.0000,0.0000,15.8900
6264,0.0000,0.0000,15.7790
6265,0.0000,0.0000,15.8490
6266,0.0000,0.0000,15.7500
6267,0.0000,0.0000,15.5040
6268,0.0000,0.0000,15.2250
6269,0.0000,0.0000,14.9780
6270,0.0000,0.0000,14.7270
6271,0.0000,0.0050,14.5410
6272,0.0580,0.0840,15.3220
6273,0.1920,0.2290,16.8180
6274,0.3280,0.3860,18.8200
6275,0.4440,0.5300,20.5400
6276,0.4790,0.5780,21.5990
6277,0.4620,0.5570,22.0140
6278,0.3880,0.4630,21.8530
6279,0.3010,0.3580,21.2440
6280,0.2210,0.2660,20.4970
6281,0.1260,0.1600,19.6770
6282,0.0440,0.0690,18.7430
6283,0.0000,0.0090,17.5890
6284,0.0000,0.0000,16.9570
6285,0.0000,0.0000,16.7180
6286,0.0000,0.0000,16.4070
6287,0.0000,0.0000,16.0480
6288,0.0000,0.0000,15.6810
6289,0.0000,0.0000,15.3010
6290,0.0000,0.0000,14.9190
6291,0.0000,0.0000,14.5580
6292,0.0000,0.0000,14.2980
6293,0.0000,0.0000,14.1460
6294,0.0000,0.0000,13.9990
6295,0.0000,0.0080,13.8090
6296,0.1200,0.1510,15.6190
6297,0.3420,0.4010,18.6650
6298,0.5360,0.6490,20.4930
6299,0.6770,0.8550,22.3400
6300,0.7570,0.9870,23.7100
6301,0.7840,1.0390,24.5860
6302,0.7620,1.0040,24.9700
6303,0.6860,0.8820,24.8720
6304,0.5570,0.6920,24.3590
6305,0.3620,0.4350,23.3740
6306,0.1580,0.1970,22.0200
6307,0.0050,0.0230,19.4270
6308,0.0000,0.0000,17.9010
6309,0.0000,0.0000,17.2360
6310,0.0000,0.0000,16.4000
6311,0.0000,0.0000,15.8560
6312,0.0000,0.0000,15.5040
6313,0.0000,0.0000,15.2600
6314,0.0000,0.0000,15.0070
6315,0.0000,0.0000,14.6910
6316,0.0000,0.0000,14.3490
6317,0.0000,0.0000,13.8470
6318,0.0000,0.0000,13.4360
6319,0.0000,0.0090,12.9100
6320,0.1440,0.1760,15.0090
6321,0.3710,0.4330,17.6310
6322,0.5780,0.7040,20.2510
6323,0.7070,0.9030,22.5900
6324,0.7820,1.0330,24.2170
6325,0.8060,1.0810,25.3370
6326,0.7840,1.0480,25.9680
6327,0.7100,0.9280,26.0900
6328,0.5780,0.7260,25.6990
6329,0.3770,0.4580,24.8170
6330,0.1560,0.1960,23.3390
6331,0.0030,0.0200,20.3160
6332,0.0000,0.0000,19.0310
6333,0.0000,0.0000,18.5690
6334,0.0000,0.0000,18.1010
6335,0.0000,0.0000,17.5720
6336,0.0000,0.0000,17.0540
6337,0.0000,0.0000,16.4470
6338,0.0000,0.0000,15.9320
6339,0.0000,0.0000,15.5380
6340,0.0000,0.0000,15.2250
6341,0.0000,0.0000,14.9740
6342,0.0000,0.0000,14.4970
6343,0.0000,0.0080,13.8270
6344,0.1290,0.1610,15.7850
6345,0.3550,0.4170,18.5800
6346,0.5590,0.6830,21.2470
6347,0.6890,0.8780,23.2600
6348,0.7650,1.0070,24.5620
6349,0.7850,1.0450,25.3250
6350,0.7130,0.9280,25.4200
6351,0.6490,0.8280,25.2030
6352,0.4890,0.5990,24.5450
6353,0.3030,0.3650,23.6200
6354,0.1260,0.1620,22.2930
6355,0.0030,0.0190,19.9370
6356,0.0000,0.0000,18.3730
6357,0.0000,0.0000,17.6460
6358,0.0000,0.0000,17.1210
6359,0.0000,0.0000,16.8190
6360,0.0000,0.0000,16.3500
6361,0.0000,0.0000,15.7700
6362,0.0000,0.0000,15.0740
6363,0.0000,0.0000,14.4130
6364,0.0000,0.0000,13.8950
6365,0.0000,0.0000,13.4940
6366,0.0000,0.0000,13.1760
6367,0.0000,0.0070,12.9750
6368,0.1160,0.1460,14.8600
6369,0.3180,0.3710,17.2230
6370,0.5090,0.6100,19.6410
6371,0.6740,0.8500,21.9430
6372,0.7430,0.9640,23.4900
6373,0.7700,1.0140,24.4840
6374,0.7330,0.9580,24.9160
6375,0.6490,0.8270,24.8620
6376,0.5160,0.6360,24.4610
6377,0.3340,0.4020,23.5440
6378,0.1270,0.1630,22.1100
6379,0.0020,0.0180,19.7000
6380,0.0000,0.0000,18.2900
6381,0.0000,0.0000,17.7670
6382,0.0000,0.0000,17.3550
6383,0.0000,0.0000,16.9710
6384,0.0000,0.0000,16.5420
6385,0.0000,0.0000,16.0280
6386,0.0000,0.0000,15.5250
6387,0.0000,0.0000,15.1380
6388,0.0000,0.0000,14.8500
6389,0.0000,0.0000,14.5500
6390,0.0000,0.0000,14.5080
6391,0.0000,0.0070,14.4120
6392,0.0960,0.1250,15.9230
6393,0.2830,0.3320,18.2740
6394,0.4790,0.5730,20.4030
6395,0.6170,0.7670,22.2920
6396,0.6500,0.8210,23.3690
6397,0.5940,0.7400,23.5390
6398,0.5390,0.6640,23.4640
6399,0.4530,0.5490,23.1090
6400,0.3430,0.4100,22.5080
6401,0.1720,0.2120,21.4020
6402,0.0660,0.0940,20.0630
6403,0.0000,0.0100,18.4220
6404,0.0000,0.0000,17.6090
6405,0.0000,0.0000,17.2780
6406,0.0000,0.0000,17.0060
6407,0.0000,0.0000,16.7400
6408,0.0000,0.0000,16.5330
6409,0.0000,0.0000,16.2900
6410,0.0000,0.0000,16.0720
6411,0.0000,0.0000,15.8090
6412,0.0000,0.0000,15.5310
6413,0.0000,0.0000,15.2920
6414,0.0000,0.0000,15.1990
6415,0.0000,0.0040,15.2200
6416,0.0520,0.0780,16.2240
6417,0.1740,0.2110,17.7930
6418,0.3140,0.3700,19.2130
6419,0.4290,0.5100,20.5430
6420,0.5020,0.6080,21.6000
6421,0.4270,0.5120,21.7870
6422,0.3900,0.4650,21.7090
6423,0.3160,0.3760,21.3660
6424,0.2260,0.2720,20.7440
6425,0.1470,0.1830,20.0520
6426,0.0580,0.0860,19.1120
6427,0.0000,0.0090,17.9210
6428,0.0000,0.0000,17.3160
6429,0.0000,0.0000,16.9950
6430,0.0000,0.0000,16.7430
6431,0.0000,0.0000,16.4640
6432,0.0000,0.0000,16.2000
6433,0.0000,0.0000,16.1430
6434,0.0000,0.0000,15.8960
6435,0.0000,0.0000,15.6370
6436,0.0000,0.0000,15.4370
6437,0.0000,0.0000,15.2460
6438,0.0000,0.0000,15.1100
6439,0.0000,0.0020,15.0000
6440,0.0410,0.0660,15.7530
6441,0.1710,0.2060,16.8990
6442,0.3350,0.3930,18.5770
6443,0.4720,0.5650,20.6840
6444,0.5370,0.6570,22.3040
6445,0.5840,0.7260,23.3770
6446,0.5630,0.6970,23.8810
6447,0.5290,0.6510,24.0120
6448,0.4340,0.5250,23.6830
6449,0.2790,0.3360,22.7860
6450,0.1240,0.1590,21.5450
6451,0.0010,0.0170,19.2280
6452,0.0000,0.0000,17.7630
6453,0.0000,0.0000,17.1240
6454,0.0000,0.0000,16.8910
6455,0.0000,0.0000,16.4250
6456,0.0000,0.0000,15.8460
6457,0.0000,0.0000,15.3180
6458,0.0000,0.0000,14.8590
6459,0.0000,0.0000,14.5240
6460,0.0000,0.0000,14.1100
6461,0.0000,0.0000,13.7610
6462,0.0000,0.0000,13.6060
6463,0.0000,0.0060,13.4420
6464,0.1220,0.1530,15.4020
6465,0.3680,0.4310,18.1220
6466,0.5590,0.6800,20.6410
6467,0.7030,0.8970,22.8200
6468,0.7760,1.0260,24.5110
6469,0.7980,1.0700,25.6760
6470,0.7690,1.0230,26.1090
6471,0.6670,0.8580,25.7480
6472,0.5120,0.6320,24.9740
6473,0.3350,0.4040,24.0070
6474,0.1130,0.1470,22.4340
6475,0.0000,0.0160,20.0650
6476,0.0000,0.0000,19.0820
6477,0.0000,0.0000,19.0420
6478,0.0000,0.0000,18.5690
6479,0.0000,0.0000,18.0400
6480,0.0000,0.0000,17.6300
6481,0.0000,0.0000,17.2810
6482,0.0000,0.0000,16.9460
6483,0.0000,0.0000,16.4750
6484,0.0000,0.0000,15.9910
6485,0.0000,0.0000,15.3840
6486,0.0000,0.0000,14.7710
6487,0.0000,0.0060,14.1710
6488,0.1020,0.1320,16.0890
6489,0.2950,0.3460,18.6830
6490,0.5290,0.6410,21.1170
6491,0.6750,0.8570,23.2620
6492,0.7200,0.9340,24.6790
6493,0.6810,0.8780,25.3220
6494,0.5070,0.6230,24.5780
6495,0.2800,0.3360,22.9010
6496,0.2030,0.2470,21.9740
6497,0.1130,0.1470,20.9250
6498,0.0370,0.0610,19.2290
6499,0.0000,0.0060,17.6240
6500,0.0000,0.0000,16.9650
6501,0.0000,0.0000,16.6620
6502,0.0000,0.0000,16.3290
6503,0.0000,0.0000,16.0500
6504,0.0000,0.0000,15.7940
6505,0.0000,0.0000,15.6200
6506,0.0000,0.0000,15.3770
6507,0.0000,0.0000,14.9750
6508,0.0000,0.0000,14.8780
6509,0.0000,0.0000,15.0190
6510,0.0000,0.0000,15.0580
6511,0.0000,0.0010,15.0860
6512,0.0120,0.0310,15.5200
6513,0.0770,0.1060,16.2680
6514,0.2120,0.2520,17.4280
6515,0.2700,0.3190,18.5350
6516,0.2590,0.3060,19.1980
6517,0.2310,0.2750,19.2510
6518,0.2180,0.2610,19.0670
6519,0.2000,0.2400,18.6450
6520,0.1620,0.1980,18.2120
6521,0.1100,0.1420,17.8120
6522,0.0400,0.0650,17.2530
6523,0.0000,0.0070,16.3410
6524,0.0000,0.0000,15.6620
6525,0.0000,0.0000,15.0960
6526,0.0000,0.0000,14.5780
6527,0.0000,0.0000,14.1650
6528,0.0000,0.0000,13.8650
6529,0.0000,0.0000,13.5210
6530,0.0000,0.0000,13.1690
6531,0.0000,0.0000,12.9230
6532,0.0000,0.0000,12.7790
6533,0.0000,0.0000,12.6420
6534,0.0000,0.0000,12.5020
6535,0.0000,0.0020,12.3560
6536,0.0380,0.0610,13.2110
6537,0.1470,0.1790,14.2170
6538,0.2830,0.3280,15.4590
6539,0.4240,0.4950,16.9870
6540,0.5750,0.6930,18.6600
6541,0.6430,0.7950,19.9560
6542,0.5970,0.7310,20.4610
6543,0.5100,0.6140,20.4580
6544,0.3940,0.4680,20.1640
6545,0.2560,0.3050,19.6030
6546,0.1030,0.1340,18.6150
6547,0.0000,0.0130,16.9000
6548,0.0000,0.0000,15.9190
6549,0.0000,0.0000,15.4630
6550,0.0000,0.0000,14.9510
6551,0.0000,0.0000,14.4030
6552,0.0000,0.0000,13.9900
6553,0.0000,0.0000,13.6370
6554,0.0000,0.0000,13.3750
6555,0.0000,0.0000,13.1990
6556,0.0000,0.0000,13.0580
6557,0.0000,0.0000,12.9440
6558,0.0000,0.0000,12.9200
6559,0.0000,0.0050,12.8340
6560,0.1200,0.1500,14.6840
6561,0.3420,0.4000,17.9210
6562,0.5450,0.6580,19.7810
6563,0.6660,0.8340,21.4230
6564,0.7390,0.9530,22.5910
6565,0.7250,0.9340,23.1310
6566,0.6570,0.8290,23.1070
6567,0.5650,0.6960,22.7790
6568,0.4250,0.5100,22.1150
6569,0.2320,0.2790,21.0470
6570,0.0920,0.1230,19.8750
6571,0.0000,0.0120,18.2520
6572,0.0000,0.0000,17.5610
6573,0.0000,0.0000,17.2430
6574,0.0000,0.0000,16.7380
6575,0.0000,0.0000,16.3550
6576,0.0000,0.0000,15.8820
6577,0.0000,0.0000,15.5110
6578,0.0000,0.0000,15.2460
6579,0.0000,0.0000,14.9980
6580,0.0000,0.0000,14.8090
6581,0.0000,0.0000,14.6690
6582,0.0000,0.0000,14.4100
6583,0.0000,0.0030,14.3660
6584,0.0520,0.0780,15.3870
6585,0.1760,0.2120,16.8370
6586,0.3340,0.3920,18.8590
6587,0.4720,0.5650,20.5150
6588,0.6110,0.7580,22.0480
6589,0.6650,0.8420,23.0880
6590,0.5780,0.7170,23.2030
6591,0.4490,0.5430,22.6700
6592,0.3040,0.3630,21.7730
6593,0.1870,0.2290,20.8570
6594,0.0640,0.0930,19.6530
6595,0.0000,0.0080,17.7510
6596,0.0000,0.0000,16.7670
6597,0.0000,0.0000,16.6330
6598,0.0000,0.0000,16.3390
6599,0.0000,0.0000,15.8380
6600,0.0000,0.0000,15.5800
6601,0.0000,0.0000,15.3280
6602,0.0000,0.0000,15.0940
6603,0.0000,0.0000,14.8090
6604,0.0000,0.0000,14.4830
6605,0.0000,0.0000,14.1590
6606,0.0000,0.0000,13.8190
6607,0.0000,0.0030,13.5970
6608,0.0680,0.0950,14.5550
6609,0.2650,0.3090,16.3690
6610,0.4480,0.5290,18.4100
6611,0.5960,0.7300,20.3410
6612,0.6930,0.8770,21.7840
6613,0.7240,0.9310,22.7390
6614,0.6900,0.8790,23.1420
6615,0.5920,0.7350,23.0210
6616,0.4770,0.5790,22.6650
6617,0.2920,0.3480,21.8250
6618,0.1050,0.1380,20.5530
6619,0.0000,0.0120,18.2390
6620,0.0000,0.0000,17.2020
6621,0.0000,0.0000,17.1170
6622,0.0000,0.0000,17.0750
6623,0.0000,0.0000,16.7890
6624,0.0000,0.0000,16.4860
6625,0.0000,0.0000,16.1170
6626,0.0000,0.0000,15.7160
6627,0.0000,0.0000,15.3840
6628,0.0000,0.0000,15.1190
6629,0.0000,0.0000,14.8660
6630,0.0000,0.0000,14.5990
6631,0.0000,0.0020,14.3350
6632,0.0530,0.0790,15.0920
6633,0.1960,0.2340,16.6150
6634,0.3500,0.4110,18.4450
6635,0.4980,0.5970,20.1170
6636,0.6200,0.7690,21.7200
6637,0.6460,0.8110,22.7660
6638,0.6040,0.7520,23.0480
6639,0.5090,0.6200,22.7130
6640,0.3900,0.4660,22.1770
6641,0.2310,0.2780,21.4000
6642,0.0880,0.1180,20.3170
6643,0.0000,0.0110,18.3310
6644,0.0000,0.0000,17.2150
6645,0.0000,0.0000,16.7160
6646,0.0000,0.0000,16.5060
6647,0.0000,0.0000,16.2240
6648,0.0000,0.0000,15.8310
6649,0.0000,0.0000,15.4890
6650,0.0000,0.0000,15.1550
6651,0.0000,0.0000,14.8280
6652,0.0000,0.0000,14.5530
6653,0.0000,0.0000,14.2990
6654,0.0000,0.0000,14.0640
6655,0.0000,0.0020,13.8680
6656,0.0480,0.0730,14.8170
6657,0.1640,0.1980,16.2530
6658,0.3120,0.3660,18.0860
6659,0.4170,0.4920,19.4760
6660,0.4830,0.5800,20.5710
6661,0.5030,0.6070,21.2800
6662,0.4950,0.5990,21.7310
6663,0.4780,0.5760,22.0280
6664,0.3950,0.4720,21.9530
6665,0.2470,0.2960,21.3310
6666,0.0820,0.1120,20.0810
6667,0.0000,0.0100,17.9030
6668,0.0000,0.0000,16.9330
6669,0.0000,0.0000,16.7430
6670,0.0000,0.0000,16.4150
6671,0.0000,0.0000,15.9180
6672,0.0000,0.0000,15.4990
6673,0.0000,0.0000,15.1160
6674,0.0000,0.0000,14.7210
6675,0.0000,0.0000,14.2900
6676,0.0000,0.0000,13.8270
6677,0.0000,0.0000,13.2810
6678,0.0000,0.0000,12.8300
6679,0.0000,0.0040,12.4390
6680,0.1150,0.1440,13.9260
6681,0.3690,0.4290,16.4640
6682,0.5700,0.6900,19.3190
6683,0.7020,0.8910,21.6550
6684,0.7790,1.0220,23.3020
6685,0.8060,1.0740,24.4550
6686,0.7790,1.0330,25.0310
6687,0.6820,0.8760,24.9220
6688,0.5680,0.7070,24.4390
6689,0.3710,0.4460,23.3830
6690,0.1400,0.1780,21.6860
6691,0.0000,0.0130,18.9540
6692,0.0000,0.0000,18.0380
6693,0.0000,0.0000,17.7080
6694,0.0000,0.0000,16.9490
6695,0.0000,0.0000,16.2590
6696,0.0000,0.0000,15.7490
6697,0.0000,0.0000,15.3020
6698,0.0000,0.0000,14.7620
6699,0.0000,0.0000,14.1530
6700,0.0000,0.0000,13.6390
6701,0.0000,0.0000,13.1250
6702,0.0000,0.0000,12.7090
6703,0.0000,0.0040,12.3630
6704,0.1210,0.1510,14.0980
6705,0.3800,0.4430,16.9850
6706,0.5730,0.6960,19.9450
6707,0.7070,0.8990,21.9700
6708,0.7830,1.0290,23.4890
6709,0.8080,1.0790,24.5630
6710,0.7810,1.0360,25.1650
6711,0.6520,0.8310,25.0320
6712,0.4550,0.5540,24.4650
6713,0.2880,0.3470,23.7070
6714,0.0840,0.1160,22.1670
6715,0.0000,0.0100,19.9020
6716,0.0000,0.0000,18.1620
6717,0.0000,0.0000,16.6800
6718,0.0000,0.0000,15.8880
6719,0.0000,0.0000,15.5070
6720,0.0000,0.0000,15.1110
6721,0.0000,0.0000,14.7890
6722,0.0000,0.0000,14.4170
6723,0.0000,0.0000,13.8420
6724,0.0000,0.0000,13.2900
6725,0.0000,0.0000,12.8010
6726,0.0000,0.0000,12.3580
6727,0.0000,0.0040,11.9910
6728,0.1160,0.1450,13.4660
6729,0.3770,0.4370,15.8830
6730,0.5710,0.6880,18.6500
6731,0.6990,0.8830,21.0200
6732,0.7760,1.0120,22.7030
6733,0.7990,1.0580,23.8300
6734,0.7330,0.9530,24.3290
6735,0.6280,0.7930,24.3230
6736,0.4780,0.5840,23.9720
6737,0.2930,0.3520,23.4170
6738,0.1050,0.1380,21.9240
6739,0.0000,0.0100,19.6130
6740,0.0000,0.0000,18.5230
6741,0.0000,0.0000,17.3340
6742,0.0000,0.0000,16.5120
6743,0.0000,0.0000,15.9830
6744,0.0000,0.0000,15.3940
6745,0.0000,0.0000,14.8070
6746,0.0000,0.0000,14.2250
6747,0.0000,0.0000,13.6580
6748,0.0000,0.0000,13.1890
6749,0.0000,0.0000,12.8020
6750,0.0000,0.0000,12.4000
6751,0.0000,0.0040,12.0380
6752,0.1230,0.1520,13.7640
6753,0.3790,0.4410,16.8590
6754,0.5770,0.7020,19.7920
6755,0.7090,0.9030,21.9410
6756,0.7860,1.0340,23.4970
6757,0.8120,1.0860,24.6100
6758,0.7900,1.0530,25.2630
6759,0.7200,0.9390,25.4220
6760,0.5970,0.7500,25.0520
6761,0.4170,0.5060,24.1820
6762,0.1930,0.2360,22.6010
6763,0.0000,0.0150,19.2920
6764,0.0000,0.0000,17.6470
6765,0.0000,0.0000,16.9810
6766,0.0000,0.0000,16.6740
6767,0.0000,0.0000,16.2540
6768,0.0000,0.0000,15.9320
6769,0.0000,0.0000,15.6350
6770,0.0000,0.0000,15.1110
6771,0.0000,0.0000,14.8440
6772,0.0000,0.0000,14.4410
6773,0.0000,0.0000,13.9310
6774,0.0000,0.0000,13.5500
6775,0.0000,0.0020,13.3510
6776,0.0980,0.1270,15.1420
6777,0.2790,0.3270,17.8750
6778,0.4390,0.5210,19.6570
6779,0.5700,0.6980,21.2980
6780,0.6530,0.8200,22.3530
6781,0.6470,0.8140,22.7270
6782,0.5820,0.7200,22.6520
6783,0.4260,0.5110,21.9950
6784,0.2930,0.3480,21.2250
6785,0.1690,0.2080,20.3620
6786,0.0580,0.0850,19.2810
6787,0.0000,0.0060,17.8320
6788,0.0000,0.0000,17.2390
6789,0.0000,0.0000,16.9900
6790,0.0000,0.0000,16.7270
6791,0.0000,0.0000,16.5520
6792,0.0000,0.0000,16.3270
6793,0.0000,0.0000,16.0710
6794,0.0000,0.0000,15.7530
6795,0.0000,0.0000,15.4050
6796,0.0000,0.0000,15.3030
6797,0.0000,0.0000,15.2100
6798,0.0000,0.0000,15.0070
6799,0.0000,0.0010,14.8340
6800,0.0420,0.0660,15.5630
6801,0.1990,0.2370,17.2630
6802,0.4040,0.4770,19.2470
6803,0.5550,0.6770,21.3690
6804,0.6530,0.8240,23.1350
6805,0.6730,0.8590,24.2070
6806,0.6160,0.7760,24.5960
6807,0.5280,0.6520,24.5300
6808,0.3720,0.4490,23.9120
6809,0.2280,0.2770,22.9260
6810,0.0710,0.1000,21.3410
6811,0.0000,0.0060,19.1230
6812,0.0000,0.0000,18.2220
6813,0.0000,0.0000,17.8060
6814,0.0000,0.0000,17.4070
6815,0.0000,0.0000,17.1190
6816,0.0000,0.0000,16.9440
6817,0.0000,0.0000,16.7010
6818,0.0000,0.0000,16.3970
6819,0.0000,0.0000,16.2230
6820,0.0000,0.0000,15.8830
6821,0.0000,0.0000,15.5780
6822,0.0000,0.0000,15.3850
6823,0.0000,0.0010,15.1090
6824,0.0450,0.0700,15.8200
6825,0.2140,0.2540,17.3740
6826,0.4400,0.5210,19.0180
6827,0.6010,0.7390,20.8190
6828,0.7180,0.9180,22.4500
6829,0.7490,0.9740,23.5320
6830,0.7080,0.9110,24.0390
6831,0.6350,0.8030,24.1120
6832,0.4870,0.5950,23.7350
6833,0.2970,0.3560,22.9790
6834,0.1150,0.1500,21.7110
6835,0.0000,0.0110,19.2880
6836,0.0000,0.0000,18.3680
6837,0.0000,0.0000,17.8940
6838,0.0000,0.0000,16.8470
6839,0.0000,0.0000,15.9400
6840,0.0000,0.0000,15.3410
6841,0.0000,0.0000,14.8610
6842,0.0000,0.0000,14.4910
6843,0.0000,0.0000,13.8850
6844,0.0000,0.0000,13.1690
6845,0.0000,0.0000,12.5630
6846,0.0000,0.0000,12.0280
6847,0.0000,0.0030,11.5620
6848,0.1250,0.1550,13.6750
6849,0.3820,0.4460,17.0110
6850,0.5740,0.6980,20.0200
6851,0.7050,0.8960,22.0220
6852,0.7790,1.0240,23.5140
6853,0.8020,1.0690,24.5080
6854,0.7740,1.0250,24.9770
6855,0.6950,0.8970,24.9630
6856,0.5480,0.6800,24.5080
6857,0.3400,0.4080,23.5360
6858,0.1280,0.1650,21.9260
6859,0.0000,0.0100,19.2890
6860,0.0000,0.0000,18.3620
6861,0.0000,0.0000,18.0420
6862,0.0000,0.0000,17.7440
6863,0.0000,0.0000,17.3970
6864,0.0000,0.0000,16.8050
6865,0.0000,0.0000,16.3690
6866,0.0000,0.0000,16.1100
6867,0.0000,0.0000,15.8750
6868,0.0000,0.0000,15.5070
6869,0.0000,0.0000,14.8490
6870,0.0000,0.0000,14.2260
6871,0.0000,0.0020,13.5660
6872,0.1140,0.1440,15.1990
6873,0.3490,0.4080,18.0770
6874,0.5590,0.6810,20.8990
6875,0.6850,0.8720,22.9260
6876,0.7500,0.9810,24.2740
6877,0.7740,1.0250,25.2720
6878,0.7560,1.0000,25.8060
6879,0.6920,0.8980,25.7810
6880,0.5670,0.7090,25.2020
6881,0.3930,0.4750,24.2250
6882,0.1710,0.2110,22.4110
6883,0.0000,0.0120,19.1200
6884,0.0000,0.0000,17.6370
6885,0.0000,0.0000,16.9350
6886,0.0000,0.0000,16.6530
6887,0.0000,0.0000,16.1410
6888,0.0000,0.0000,15.4610
6889,0.0000,0.0000,15.0550
6890,0.0000,0.0000,14.7780
6891,0.0000,0.0000,14.4370
6892,0.0000,0.0000,14.0090
6893,0.0000,0.0000,13.5800
6894,0.0000,0.0000,13.3040
6895,0.0000,0.0010,12.9240
6896,0.0980,0.1260,14.5720
6897,0.3260,0.3810,17.7190
6898,0.5340,0.6470,20.6980
6899,0.6750,0.8550,22.8130
6900,0.7580,0.9930,24.2140
6901,0.7860,1.0450,25.1460
6902,0.7660,1.0150,25.6190
6903,0.6860,0.8880,25.5800
6904,0.5580,0.6960,25.2670
6905,0.3720,0.4500,24.5360
6906,0.1240,0.1590,22.8310
6907,0.0000,0.0090,19.9410
6908,0.0000,0.0000,18.8580
6909,0.0000,0.0000,18.4100
6910,0.0000,0.0000,18.1660
6911,0.0000,0.0000,17.7650
6912,0.0000,0.0000,17.0230
6913,0.0000,0.0000,16.3110
6914,0.0000,0.0000,15.7240
6915,0.0000,0.0000,15.0590
6916,0.0000,0.0000,14.4930
6917,0.0000,0.0000,14.2010
6918,0.0000,0.0000,14.0540
6919,0.0000,0.0010,13.8400
6920,0.0540,0.0800,14.9970
6921,0.2170,0.2570,17.4390
6922,0.3550,0.4190,19.7400
6923,0.4280,0.5110,21.2400
6924,0.5140,0.6240,22.1110
6925,0.5490,0.6740,22.4340
6926,0.4590,0.5520,21.9530
6927,0.3450,0.4100,21.0260
6928,0.2490,0.2970,20.1620
6929,0.1620,0.1990,19.4180
6930,0.0570,0.0840,18.4630
6931,0.0000,0.0040,17.1520
6932,0.0000,0.0000,16.5990
6933,0.0000,0.0000,16.2530
6934,0.0000,0.0000,15.7230
6935,0.0000,0.0000,15.4760
6936,0.0000,0.0000,15.1350
6937,0.0000,0.0000,14.8360
6938,0.0000,0.0000,14.5750
6939,0.0000,0.0000,14.2920
6940,0.0000,0.0000,14.1980
6941,0.0000,0.0000,13.9640
6942,0.0000,0.0000,13.8900
6943,0.0000,0.0000,13.8230
6944,0.0150,0.0340,14.3390
6945,0.0960,0.1250,15.5900
6946,0.2500,0.2930,17.0800
6947,0.4890,0.5820,18.9680
6948,0.6770,0.8480,20.9620
6949,0.6810,0.8590,21.7550
6950,0.5760,0.7080,21.5510
6951,0.4500,0.5380,20.9310
6952,0.2990,0.3540,20.0870
6953,0.1830,0.2220,19.1950
6954,0.0610,0.0880,18.1090
6955,0.0000,0.0050,16.8960
6956,0.0000,0.0000,16.4140
6957,0.0000,0.0000,16.1260
6958,0.0000,0.0000,15.8840
6959,0.0000,0.0000,15.6630
6960,0.0000,0.0000,15.4870
6961,0.0000,0.0000,15.3280
6962,0.0000,0.0000,15.1520
6963,0.0000,0.0000,14.9640
6964,0.0000,0.0000,14.8600
6965,0.0000,0.0000,14.9350
6966,0.0000,0.0000,15.0400
6967,0.0000,0.0010,14.8500
6968,0.0300,0.0530,15.1830
6969,0.1520,0.1850,16.1270
6970,0.3640,0.4260,17.8980
6971,0.5260,0.6340,20.0160
6972,0.6080,0.7500,21.2970
6973,0.6360,0.7940,21.9610
6974,0.5960,0.7370,22.0510
6975,0.5050,0.6110,21.6250
6976,0.3840,0.4560,20.9620
6977,0.2430,0.2900,20.0860
6978,0.0810,0.1110,18.7820
6979,0.0000,0.0060,17.1320
6980,0.0000,0.0000,16.4430
6981,0.0000,0.0000,16.0520
6982,0.0000,0.0000,15.8590
6983,0.0000,0.0000,15.7830
6984,0.0000,0.0000,15.3740
6985,0.0000,0.0000,14.8570
6986,0.0000,0.0000,14.5530
6987,0.0000,0.0000,14.4330
6988,0.0000,0.0000,14.3430
6989,0.0000,0.0000,14.2710
6990,0.0000,0.0000,14.2760
6991,0.0000,0.0010,14.2330
6992,0.0360,0.0590,15.1610
6993,0.1680,0.2030,16.6730
6994,0.3720,0.4360,18.4810
6995,0.5190,0.6260,20.4250
6996,0.5960,0.7350,21.7540
6997,0.5770,0.7110,22.2570
6998,0.5100,0.6210,22.1930
6999,0.4190,0.5020,21.8340
7000,0.3340,0.3970,21.4900
7001,0.2180,0.2630,20.9380
7002,0.0880,0.1190,19.9100
7003,0.0000,0.0070,17.9700
7004,0.0000,0.0000,17.1630
7005,0.0000,0.0000,16.6540
7006,0.0000,0.0000,16.1940
7007,0.0000,0.0000,15.9860
7008,0.0000,0.0000,15.8500
7009,0.0000,0.0000,15.6010
7010,0.0000,0.0000,15.4810
7011,0.0000,0.0000,15.2340
7012,0.0000,0.0000,15.1080
7013,0.0000,0.0000,14.9940
7014,0.0000,0.0000,14.7150
7015,0.0000,0.0010,14.3100
7016,0.0710,0.0980,15.3120
7017,0.2790,0.3260,16.8990
7018,0.5390,0.6470,18.9120
7019,0.6700,0.8370,20.8170
7020,0.7400,0.9500,21.9190
7021,0.7510,0.9700,22.4900
7022,0.6910,0.8780,22.5990
7023,0.5730,0.7050,22.2520
7024,0.4370,0.5240,21.6770
7025,0.2750,0.3270,20.8330
7026,0.0930,0.1230,19.4220
7027,0.0000,0.0060,17.5770
7028,0.0000,0.0000,16.8940
7029,0.0000,0.0000,16.5060
7030,0.0000,0.0000,16.1360
7031,0.0000,0.0000,15.8230
7032,0.0000,0.0000,15.4580
7033,0.0000,0.0000,15.1350
7034,0.0000,0.0000,14.8710
7035,0.0000,0.0000,14.4860
7036,0.0000,0.0000,14.1110
7037,0.0000,0.0000,13.5130
7038,0.0000,0.0000,12.9100
7039,0.0000,0.0010,12.5290
7040,0.0820,0.1100,13.9740
7041,0.3150,0.3670,16.6560
7042,0.5110,0.6120,19.2120
7043,0.6510,0.8120,21.3590
7044,0.7380,0.9520,22.8450
7045,0.7640,1.0010,23.8110
7046,0.7420,0.9680,24.3290
7047,0.6630,0.8450,24.3240
7048,0.5210,0.6400,23.7540
7049,0.3220,0.3860,22.6230
7050,0.1230,0.1570,20.7440
7051,0.0000,0.0080,17.8140
7052,0.0000,0.0000,16.9460
7053,0.0000,0.0000,16.6300
7054,0.0000,0.0000,16.1670
7055,0.0000,0.0000,15.6930
7056,0.0000,0.0000,15.3010
7057,0.0000,0.0000,14.8480
7058,0.0000,0.0000,14.3370
7059,0.0000,0.0000,14.0840
7060,0.0000,0.0000,14.0760
7061,0.0000,0.0000,14.1300
7062,0.0000,0.0000,14.0220
7063,0.0000,0.0010,13.7430
7064,0.0600,0.0860,14.9520
7065,0.2540,0.2990,17.6860
7066,0.4690,0.5600,19.9120
7067,0.5980,0.7390,21.8170
7068,0.6320,0.7930,22.9470
7069,0.5660,0.6990,23.3220
7070,0.4670,0.5660,23.1470
7071,0.3310,0.3960,22.5920
7072,0.1970,0.2410,21.7930
7073,0.0970,0.1290,20.8020
7074,0.0230,0.0460,19.5130
7075,0.0000,0.0020,18.0920
7076,0.0000,0.0000,17.3170
7077,0.0000,0.0000,16.7150
7078,0.0000,0.0000,16.2570
7079,0.0000,0.0000,15.7480
7080,0.0000,0.0000,15.1790
7081,0.0000,0.0000,14.5290
7082,0.0000,0.0000,13.9030
7083,0.0000,0.0000,13.2990
7084,0.0000,0.0000,12.7960
7085,0.0000,0.0000,12.3150
7086,0.0000,0.0000,11.9360
7087,0.0000,0.0010,11.6370
7088,0.0800,0.1070,12.9790
7089,0.2950,0.3420,15.8520
7090,0.5010,0.5970,18.9890
7091,0.6490,0.8090,21.2150
7092,0.7370,0.9510,22.9470
7093,0.7530,0.9840,24.0360
7094,0.7180,0.9300,24.5420
7095,0.6310,0.7970,24.1380
7096,0.4680,0.5680,23.3590
7097,0.2690,0.3220,22.2000
7098,0.0860,0.1160,20.4600
7099,0.0000,0.0040,18.1350
7100,0.0000,0.0000,17.4360
7101,0.0000,0.0000,17.2270
7102,0.0000,0.0000,16.8870
7103,0.0000,0.0000,16.4660
7104,0.0000,0.0000,16.0220
7105,0.0000,0.0000,15.6020
7106,0.0000,0.0000,15.2800
7107,0.0000,0.0000,15.0180
7108,0.0000,0.0000,14.6460
7109,0.0000,0.0000,14.2610
7110,0.0000,0.0000,13.8130
7111,0.0000,0.0000,13.2140
7112,0.0550,0.0810,14.1230
7113,0.2240,0.2640,16.1890
7114,0.3840,0.4510,18.3840
7115,0.4860,0.5830,20.2180
7116,0.5150,0.6230,21.1920
7117,0.4470,0.5350,21.2890
7118,0.3710,0.4410,20.9350
7119,0.2740,0.3250,20.2940
7120,0.2090,0.2520,19.6990
7121,0.1250,0.1580,18.9840
7122,0.0330,0.0560,17.9460
7123,0.0000,0.0020,16.6920
7124,0.0000,0.0000,16.2420
7125,0.0000,0.0000,16.0250
7126,0.0000,0.0000,15.8640
7127,0.0000,0.0000,15.7130
7128,0.0000,0.0000,15.5400
7129,0.0000,0.0000,15.3990
7130,0.0000,0.0000,15.2060
7131,0.0000,0.0000,14.9610
7132,0.0000,0.0000,14.7080
7133,0.0000,0.0000,14.5210
7134,0.0000,0.0000,14.4140
7135,0.0000,0.0000,14.3020
7136,0.0290,0.0520,15.0710
7137,0.1370,0.1700,16.5830
7138,0.2900,0.3400,18.5230
7139,0.4050,0.4800,20.1300
7140,0.4640,0.5560,21.0580
7141,0.4680,0.5630,21.4010
7142,0.3690,0.4390,20.9450
7143,0.2710,0.3210,20.1010
7144,0.1820,0.2200,19.3090
7145,0.1080,0.1400,18.5440
7146,0.0300,0.0540,17.6370
7147,0.0000,0.0020,16.4910
7148,0.0000,0.0000,16.1350
7149,0.0000,0.0000,16.0660
7150,0.0000,0.0000,15.9230
7151,0.0000,0.0000,15.4680
7152,0.0000,0.0000,15.0260
7153,0.0000,0.0000,14.7160
7154,0.0000,0.0000,14.5590
7155,0.0000,0.0000,14.3710
7156,0.0000,0.0000,13.9040
7157,0.0000,0.0000,13.5780
7158,0.0000,0.0000,13.5940
7159,0.0000,0.0000,13.5550
7160,0.0060,0.0240,13.7880
7161,0.0600,0.0860,14.8100
7162,0.1490,0.1820,15.6710
7163,0.2870,0.3350,16.7810
7164,0.4050,0.4750,18.1860
7165,0.4770,0.5690,19.4190
7166,0.4710,0.5620,19.9670
7167,0.3950,0.4670,19.8560
7168,0.2830,0.3340,19.3930
7169,0.1800,0.2190,18.8660
7170,0.0530,0.0790,18.0550
7171,0.0000,0.0030,16.8340
7172,0.0000,0.0000,16.3630
7173,0.0000,0.0000,15.9800
7174,0.0000,0.0000,15.6110
7175,0.0000,0.0000,15.2510
7176,0.0000,0.0000,15.0390
7177,0.0000,0.0000,14.8170
7178,0.0000,0.0000,14.4330
7179,0.0000,0.0000,13.9010
7180,0.0000,0.0000,13.3840
7181,0.0000,0.0000,13.0520
7182,0.0000,0.0000,12.9080
7183,0.0000,0.0000,12.8700
7184,0.0460,0.0710,13.8570
7185,0.2210,0.2610,16.7870
7186,0.4200,0.4970,19.1070
7187,0.5790,0.7080,20.9040
7188,0.6550,0.8220,22.1390
7189,0.6590,0.8310,22.7220
7190,0.6130,0.7640,22.7560
7191,0.4810,0.5810,22.1640
7192,0.3100,0.3690,21.2290
7193,0.1860,0.2270,20.2430
7194,0.0670,0.0950,18.9030
7195,0.0000,0.0030,16.9830
7196,0.0000,0.0000,16.2360
7197,0.0000,0.0000,15.9380
7198,0.0000,0.0000,15.7020
7199,0.0000,0.0000,15.5260
7200,0.0000,0.0000,15.3910
7201,0.0000,0.0000,15.2090
7202,0.0000,0.0000,15.0180
7203,0.0000,0.0000,14.7460
7204,0.0000,0.0000,14.4680
7205,0.0000,0.0000,14.2390
7206,0.0000,0.0000,14.0950
7207,0.0000,0.0000,13.9600
7208,0.0280,0.0500,14.6160
7209,0.1510,0.1840,15.9890
7210,0.2950,0.3450,17.7360
7211,0.3990,0.4720,19.6100
7212,0.4050,0.4810,20.5940
7213,0.3960,0.4710,21.0180
7214,0.3300,0.3910,20.9160
7215,0.2780,0.3310,20.6470
7216,0.1920,0.2330,20.1670
7217,0.0950,0.1260,19.3700
7218,0.0210,0.0430,18.3160
7219,0.0000,0.0010,17.2130
7220,0.0000,0.0000,16.8360
7221,0.0000,0.0000,16.6580
7222,0.0000,0.0000,16.4760
7223,0.0000,0.0000,16.2790
7224,0.0000,0.0000,16.0830
7225,0.0000,0.0000,15.9020
7226,0.0000,0.0000,15.7290
7227,0.0000,0.0000,15.5740
7228,0.0000,0.0000,15.4170
7229,0.0000,0.0000,15.3330
7230,0.0000,0.0000,15.2820
7231,0.0000,0.0000,15.1040
7232,0.0010,0.0160,15.1010
7233,0.0380,0.0610,15.4680
7234,0.0990,0.1280,15.9420
7235,0.1810,0.2170,16.6520
7236,0.2450,0.2880,17.5880
7237,0.2670,0.3140,18.2110
7238,0.2170,0.2580,18.2930
7239,0.1680,0.2040,18.1650
7240,0.1210,0.1530,17.9640
7241,0.0620,0.0890,17.6240
7242,0.0120,0.0320,16.9510
7243,0.0000,0.0010,15.9170
7244,0.0000,0.0000,15.6130
7245,0.0000,0.0000,15.5390
7246,0.0000,0.0000,15.3810
7247,0.0000,0.0000,15.1580
7248,0.0000,0.0000,14.8250
7249,0.0000,0.0000,14.4830
7250,0.0000,0.0000,14.1930
7251,0.0000,0.0000,13.9630
7252,0.0000,0.0000,13.7610
7253,0.0000,0.0000,13.6030
7254,0.0000,0.0000,13.4730
7255,0.0000,0.0000,13.3750
7256,0.0490,0.0740,14.3430
7257,0.2480,0.2910,16.7330
7258,0.4320,0.5110,19.2600
7259,0.5200,0.6280,20.9400
7260,0.4960,0.6000,21.6260
7261,0.4270,0.5110,21.4560
7262,0.3280,0.3880,20.7360
7263,0.2470,0.2940,19.9250
7264,0.1550,0.1910,19.1000
7265,0.0780,0.1060,18.2440
7266,0.0180,0.0390,17.3370
7267,0.0000,0.0010,16.3640
7268,0.0000,0.0000,15.9380
7269,0.0000,0.0000,15.6660
7270,0.0000,0.0000,15.4410
7271,0.0000,0.0000,15.2610
7272,0.0000,0.0000,15.0550
7273,0.0000,0.0000,14.8140
7274,0.0000,0.0000,14.9570
7275,0.0000,0.0000,14.6510
7276,0.0000,0.0000,14.3730
7277,0.0000,0.0000,14.2500
7278,0.0000,0.0000,14.1700
7279,0.0000,0.0000,13.9990
7280,0.0200,0.0420,14.7460
7281,0.1520,0.1860,16.8110
7282,0.3000,0.3530,18.8170
7283,0.3760,0.4450,19.9990
7284,0.4730,0.5680,20.9770
7285,0.5480,0.6700,21.6810
7286,0.5170,0.6280,21.8370
7287,0.3930,0.4690,21.3200
7288,0.2830,0.3350,20.5630
7289,0.1550,0.1920,19.5970
7290,0.0460,0.0720,18.3380
7291,0.0000,0.0020,16.5080
7292,0.0000,0.0000,15.6900
7293,0.0000,0.0000,15.0420
7294,0.0000,0.0000,14.3300
7295,0.0000,0.0000,13.5270
7296,0.0000,0.0000,12.8710
7297,0.0000,0.0000,12.3690
7298,0.0000,0.0000,11.6170
7299,0.0000,0.0000,11.0800
7300,0.0000,0.0000,10.6980
7301,0.0000,0.0000,10.3260
7302,0.0000,0.0000,10.0270
7303,0.0000,0.0000,9.8300
7304,0.0790,0.1040,11.0810
7305,0.3220,0.3700,13.9540
7306,0.5290,0.6300,17.7400
7307,0.6650,0.8280,20.4230
7308,0.7420,0.9540,22.0810
7309,0.7580,0.9850,22.9120
7310,0.6930,0.8840,22.9910
7311,0.5090,0.6190,22.2820
7312,0.3220,0.3830,21.3880
7313,0.1950,0.2370,20.6250
7314,0.0670,0.0950,19.4580
7315,0.0000,0.0040,17.5480
7316,0.0000,0.0000,16.8160
7317,0.0000,0.0000,16.2850
7318,0.0000,0.0000,15.6890
7319,0.0000,0.0000,15.0850
7320,0.0000,0.0000,14.6840
7321,0.0000,0.0000,14.5370
7322,0.0000,0.0000,14.2630
7323,0.0000,0.0000,13.6860
7324,0.0000,0.0000,13.1820
7325,0.0000,0.0000,12.8190
7326,0.0000,0.0000,12.4050
7327,0.0000,0.0000,12.0050
7328,0.0700,0.0960,13.2680
7329,0.2850,0.3310,16.2080
7330,0.4950,0.5900,18.9340
7331,0.6520,0.8120,21.0000
7332,0.7190,0.9200,22.2530
7333,0.7170,0.9200,22.8540
7334,0.6550,0.8260,22.9190
7335,0.5090,0.6200,22.4580
7336,0.3350,0.3990,21.5610
7337,0.1920,0.2330,20.4390
7338,0.0530,0.0800,18.9070
7339,0.0000,0.0030,17.1340
7340,0.0000,0.0000,16.4580
7341,0.0000,0.0000,15.6910
7342,0.0000,0.0000,14.7430
7343,0.0000,0.0000,13.9890
7344,0.0000,0.0000,13.2550
7345,0.0000,0.0000,12.6300
7346,0.0000,0.0000,12.1070
7347,0.0000,0.0000,11.6330
7348,0.0000,0.0000,11.2860
7349,0.0000,0.0000,10.9660
7350,0.0000,0.0000,10.7290
7351,0.0000,0.0000,10.5400
7352,0.0730,0.0990,11.6000
7353,0.3010,0.3470,14.1670
7354,0.5230,0.6200,17.2680
7355,0.6540,0.8090,19.8990
7356,0.7320,0.9360,21.6660
7357,0.7370,0.9500,22.6960
7358,0.6710,0.8490,22.9580
7359,0.5450,0.6680,22.5910
7360,0.3980,0.4760,21.9400
7361,0.2260,0.2720,20.9260
7362,0.0750,0.1040,19.3820
7363,0.0000,0.0100,17.2050
7364,0.0000,0.0000,16.6310
7365,0.0000,0.0000,16.2510
7366,0.0000,0.0000,15.7280
7367,0.0000,0.0000,15.1370
7368,0.0000,0.0000,14.4590
7369,0.0000,0.0000,13.9070
7370,0.0000,0.0000,13.6230
7371,0.0000,0.0000,13.4120
7372,0.0000,0.0000,13.0360
7373,0.0000,0.0000,12.7910
7374,0.0000,0.0000,12.6450
7375,0.0000,0.0000,12.5580
7376,0.0540,0.0790,13.5870
7377,0.2710,0.3160,16.5020
7378,0.4940,0.5900,19.3120
7379,0.6430,0.8020,21.5190
7380,0.6980,0.8910,22.8150
7381,0.6690,0.8490,23.3330
7382,0.6270,0.7870,23.4760
7383,0.5060,0.6170,23.0960
7384,0.3540,0.4240,22.4250
7385,0.1890,0.2310,21.7040
7386,0.0580,0.0860,20.5950
7387,0.0000,0.0020,18.7960
7388,0.0000,0.0000,18.2840
7389,0.0000,0.0000,18.0280
7390,0.0000,0.0000,17.3100
7391,0.0000,0.0000,16.5480
7392,0.0000,0.0000,15.9220
7393,0.0000,0.0000,15.4390
7394,0.0000,0.0000,14.9070
7395,0.0000,0.0000,14.4020
7396,0.0000,0.0000,13.9740
7397,0.0000,0.0000,13.6350
7398,0.0000,0.0000,13.3810
7399,0.0000,0.0000,13.1010
7400,0.0580,0.0830,14.1880
7401,0.2590,0.3030,16.9580
7402,0.4560,0.5410,19.3050
7403,0.6090,0.7520,21.4570
7404,0.6780,0.8610,23.0540
7405,0.6680,0.8500,23.8730
7406,0.6000,0.7520,24.0940
7407,0.4730,0.5770,23.8110
7408,0.3500,0.4200,23.2100
7409,0.2030,0.2470,22.2970
7410,0.0510,0.0780,20.5520
7411,0.0000,0.0020,18.3790
7412,0.0000,0.0000,17.6540
7413,0.0000,0.0000,17.1940
7414,0.0000,0.0000,16.8590
7415,0.0000,0.0000,16.3690
7416,0.0000,0.0000,15.7670
7417,0.0000,0.0000,14.9490
7418,0.0000,0.0000,14.1780
7419,0.0000,0.0000,13.4790
7420,0.0000,0.0000,12.9110
7421,0.0000,0.0000,12.4470
7422,0.0000,0.0000,12.0610
7423,0.0000,0.0000,11.7810
7424,0.0700,0.0960,12.7910
7425,0.3060,0.3540,15.2910
7426,0.5360,0.6420,18.4200
7427,0.6750,0.8460,20.9790
7428,0.7550,0.9790,22.5970
7429,0.7830,1.0310,23.6560
7430,0.7610,0.9980,24.2120
7431,0.6860,0.8790,24.2270
7432,0.5520,0.6830,23.8160
7433,0.3640,0.4360,22.7550
7434,0.1340,0.1690,20.8010
7435,0.0000,0.0020,17.9180
7436,0.0000,0.0000,17.5310
7437,0.0000,0.0000,17.2530
7438,0.0000,0.0000,16.5710
7439,0.0000,0.0000,15.8760
7440,0.0000,0.0000,15.0180
7441,0.0000,0.0000,14.0610
7442,0.0000,0.0000,13.1630
7443,0.0000,0.0000,12.3790
7444,0.0000,0.0000,11.8020
7445,0.0000,0.0000,11.2610
7446,0.0000,0.0000,10.8580
7447,0.0000,0.0000,10.6600
7448,0.0830,0.1100,12.2260
7449,0.3320,0.3840,15.6900
7450,0.5560,0.6700,19.2810
7451,0.6910,0.8740,21.8850
7452,0.7690,1.0060,23.6000
7453,0.7940,1.0570,24.7790
7454,0.7720,1.0250,25.4730
7455,0.7020,0.9110,25.5390
7456,0.5800,0.7260,25.1310
7457,0.4030,0.4890,24.2160
7458,0.1790,0.2190,21.9410
7459,0.0000,0.0020,18.5960
7460,0.0000,0.0000,17.7940
7461,0.0000,0.0000,16.7840
7462,0.0000,0.0000,15.8030
7463,0.0000,0.0000,15.0400
7464,0.0000,0.0000,14.3210
7465,0.0000,0.0000,13.4880
7466,0.0000,0.0000,12.6130
7467,0.0000,0.0000,11.9710
7468,0.0000,0.0000,11.5020
7469,0.0000,0.0000,10.9270
7470,0.0000,0.0000,10.5040
7471,0.0000,0.0000,10.2690
7472,0.0800,0.1060,11.3530
7473,0.3520,0.4050,14.4860
7474,0.5590,0.6720,18.3880
7475,0.6930,0.8750,21.3100
7476,0.7710,1.0070,23.1070
7477,0.7970,1.0590,24.3320
7478,0.7750,1.0260,25.0880
7479,0.7050,0.9140,25.2870
7480,0.5820,0.7290,24.9870
7481,0.4050,0.4900,24.2410
7482,0.1850,0.2270,21.8920
7483,0.0000,0.0020,18.4940
7484,0.0000,0.0000,17.2770
7485,0.0000,0.0000,16.3390
7486,0.0000,0.0000,15.5900
7487,0.0000,0.0000,15.0810
7488,0.0000,0.0000,14.2290
7489,0.0000,0.0000,13.7310
7490,0.0000,0.0000,13.3390
7491,0.0000,0.0000,12.8700
7492,0.0000,0.0000,12.5090
7493,0.0000,0.0000,12.1390
7494,0.0000,0.0000,11.8460
7495,0.0000,0.0000,11.6110
7496,0.0780,0.1040,12.3510
7497,0.3440,0.3970,15.2740
7498,0.5450,0.6540,18.6850
7499,0.6800,0.8560,21.4150
7500,0.7580,0.9870,23.3580
7501,0.7840,1.0390,24.6720
7502,0.7620,1.0080,25.4410
7503,0.6900,0.8940,25.6520
7504,0.5660,0.7090,25.3420
7505,0.3590,0.4340,24.3600
7506,0.1130,0.1470,22.1510
7507,0.0000,0.0020,18.9640
7508,0.0000,0.0000,17.6460
7509,0.0000,0.0000,17.0030
7510,0.0000,0.0000,16.2090
7511,0.0000,0.0000,15.5910
7512,0.0000,0.0000,15.0830
7513,0.0000,0.0000,14.4530
7514,0.0000,0.0000,13.8950
7515,0.0000,0.0000,13.4120
7516,0.0000,0.0000,12.8240
7517,0.0000,0.0000,12.3440
7518,0.0000,0.0000,11.8690
7519,0.0000,0.0000,11.4480
7520,0.0700,0.0960,12.6210
7521,0.3130,0.3630,15.9320
7522,0.5240,0.6300,19.5520
7523,0.6630,0.8340,22.1440
7524,0.7430,0.9660,23.8150
7525,0.7680,1.0130,24.8870
7526,0.7410,0.9720,25.3180
7527,0.6630,0.8490,25.1490
7528,0.5240,0.6470,24.5700
7529,0.2970,0.3570,23.4400
7530,0.0970,0.1290,21.3690
7531,0.0000,0.0020,18.5550
7532,0.0000,0.0000,17.8850
7533,0.0000,0.0000,17.5420
7534,0.0000,0.0000,16.9420
7535,0.0000,0.0000,16.3610
7536,0.0000,0.0000,15.5460
7537,0.0000,0.0000,14.7880
7538,0.0000,0.0000,14.0970
7539,0.0000,0.0000,13.7380
7540,0.0000,0.0000,13.6710
7541,0.0000,0.0000,13.6160
7542,0.0000,0.0000,13.5570
7543,0.0000,0.0000,13.5600
7544,0.0340,0.0580,14.3120
7545,0.2070,0.2460,16.9220
7546,0.3930,0.4650,20.0390
7547,0.5380,0.6570,22.1090
7548,0.6300,0.7940,23.6910
7549,0.6720,0.8610,24.6960
7550,0.6670,0.8550,25.1810
7551,0.6160,0.7790,25.2100
7552,0.4940,0.6080,24.7230
7553,0.2970,0.3570,23.5880
7554,0.0890,0.1200,21.4880
7555,0.0000,0.0020,18.5070
7556,0.0000,0.0000,17.8750
7557,0.0000,0.0000,17.6010
7558,0.0000,0.0000,16.8210
7559,0.0000,0.0000,16.1640
7560,0.0000,0.0000,15.6580
7561,0.0000,0.0000,15.2160
7562,0.0000,0.0000,14.8010
7563,0.0000,0.0000,14.3490
7564,0.0000,0.0000,14.0800
7565,0.0000,0.0000,13.8850
7566,0.0000,0.0000,13.7720
7567,0.0000,0.0000,13.7310
7568,0.0150,0.0350,14.2700
7569,0.1210,0.1510,15.7460
7570,0.2550,0.3000,17.6320
7571,0.3970,0.4700,19.7110
7572,0.4940,0.5960,21.1700
7573,0.4450,0.5340,21.7160
7574,0.4000,0.4790,21.8820
7575,0.3470,0.4130,21.6900
7576,0.2770,0.3310,21.2730
7577,0.1510,0.1880,20.4240
7578,0.0270,0.0500,18.8730
7579,0.0000,0.0010,17.2970
7580,0.0000,0.0000,16.7220
7581,0.0000,0.0000,16.1280
7582,0.0000,0.0000,15.2280
7583,0.0000,0.0000,14.3210
7584,0.0000,0.0000,13.4940
7585,0.0000,0.0000,12.6050
7586,0.0000,0.0000,12.0090
7587,0.0000,0.0000,11.6310
7588,0.0000,0.0000,11.3970
7589,0.0000,0.0000,11.3590
7590,0.0000,0.0000,11.4580
7591,0.0000,0.0000,11.3990
7592,0.0070,0.0250,11.5850
7593,0.0990,0.1270,12.7600
7594,0.2650,0.3060,14.5960
7595,0.4730,0.5570,16.9060
7596,0.6140,0.7490,18.8760
7597,0.6490,0.8040,20.0250
7598,0.6280,0.7760,20.4570
7599,0.5420,0.6570,20.3480
7600,0.4170,0.4940,19.9370
7601,0.2440,0.2890,19.2210
7602,0.0680,0.0960,17.8300
7603,0.0000,0.0010,15.9060
7604,0.0000,0.0000,15.3800
7605,0.0000,0.0000,14.9910
7606,0.0000,0.0000,14.5940
7607,0.0000,0.0000,14.2990
7608,0.0000,0.0000,14.0340
7609,0.0000,0.0000,13.9320
7610,0.0000,0.0000,13.7850
7611,0.0000,0.0000,13.5760
7612,0.0000,0.0000,13.4480
7613,0.0000,0.0000,13.3100
7614,0.0000,0.0000,13.2070
7615,0.0000,0.0000,13.1020
7616,0.0270,0.0490,13.5140
7617,0.1880,0.2240,15.3410
7618,0.3970,0.4640,17.3600
7619,0.5650,0.6840,19.4760
7620,0.6140,0.7570,20.7940
7621,0.5990,0.7390,21.4250
7622,0.5280,0.6420,21.5710
7623,0.4180,0.5000,21.3380
7624,0.2790,0.3320,20.8210
7625,0.1840,0.2240,20.1740
7626,0.0590,0.0870,18.7720
7627,0.0000,0.0010,16.7050
7628,0.0000,0.0000,16.1600
7629,0.0000,0.0000,16.0070
7630,0.0000,0.0000,15.9620
7631,0.0000,0.0000,15.7440
7632,0.0000,0.0000,15.4370
7633,0.0000,0.0000,14.9890
7634,0.0000,0.0000,14.6430
7635,0.0000,0.0000,14.3110
7636,0.0000,0.0000,14.0120
7637,0.0000,0.0000,13.7130
7638,0.0000,0.0000,13.4160
7639,0.0000,0.0000,13.1780
7640,0.0040,0.0210,13.2980
7641,0.0760,0.1030,14.1740
7642,0.1860,0.2220,15.6780
7643,0.3160,0.3690,17.5690
7644,0.4400,0.5220,19.3050
7645,0.4820,0.5780,20.4290
7646,0.4600,0.5500,20.9480
7647,0.3670,0.4360,20.8730
7648,0.2310,0.2760,20.3440
7649,0.1170,0.1500,19.5910
7650,0.0280,0.0510,18.1760
7651,0.0000,0.0010,16.4840
7652,0.0000,0.0000,15.9330
7653,0.0000,0.0000,15.6080
7654,0.0000,0.0000,15.2380
7655,0.0000,0.0000,14.7020
7656,0.0000,0.0000,14.1590
7657,0.0000,0.0000,13.6390
7658,0.0000,0.0000,13.1700
7659,0.0000,0.0000,12.8230
7660,0.0000,0.0000,12.2590
7661,0.0000,0.0000,11.6660
7662,0.0000,0.0000,11.2650
7663,0.0000,0.0000,10.8840
7664,0.0530,0.0780,11.6380
7665,0.2740,0.3160,14.2200
7666,0.4820,0.5700,17.7690
7667,0.6150,0.7560,20.1530
7668,0.7050,0.8950,21.7030
7669,0.7220,0.9260,22.5510
7670,0.6420,0.8060,22.6200
7671,0.5050,0.6130,22.1200
7672,0.3560,0.4240,21.4570
7673,0.2190,0.2640,20.6490
7674,0.0620,0.0910,19.1870
7675,0.0000,0.0010,17.1880
7676,0.0000,0.0000,16.7190
7677,0.0000,0.0000,16.1440
7678,0.0000,0.0000,15.3740
7679,0.0000,0.0000,14.5460
7680,0.0000,0.0000,13.8360
7681,0.0000,0.0000,13.4210
7682,0.0000,0.0000,13.1660
7683,0.0000,0.0000,13.0510
7684,0.0000,0.0000,12.8950
7685,0.0000,0.0000,12.5290
7686,0.0000,0.0000,12.2130
7687,0.0000,0.0000,11.8790
7688,0.0610,0.0870,12.4060
7689,0.2870,0.3330,15.7380
7690,0.4920,0.5850,18.7530
7691,0.6020,0.7420,20.9920
7692,0.6710,0.8470,22.5300
7693,0.6860,0.8740,23.4360
7694,0.6320,0.7950,23.6560
7695,0.5360,0.6590,23.3490
7696,0.3800,0.4560,22.6740
7697,0.2010,0.2440,21.5640
7698,0.0600,0.0870,19.6960
7699,0.0000,0.0010,17.2980
7700,0.0000,0.0000,16.6130
7701,0.0000,0.0000,15.9320
7702,0.0000,0.0000,15.5080
7703,0.0000,0.0000,15.1370
7704,0.0000,0.0000,14.7420
7705,0.0000,0.0000,14.4290
7706,0.0000,0.0000,14.2090
7707,0.0000,0.0000,13.5360
7708,0.0000,0.0000,12.9070
7709,0.0000,0.0000,12.1100
7710,0.0000,0.0000,11.4240
7711,0.0000,0.0000,10.9820
7712,0.0620,0.0870,11.9830
7713,0.3080,0.3560,15.3900
7714,0.5160,0.6170,18.8100
7715,0.6570,0.8200,21.2740
7716,0.7380,0.9520,22.8790
7717,0.7610,0.9950,23.7640
7718,0.7230,0.9360,24.0170
7719,0.6100,0.7630,23.6230
7720,0.3870,0.4650,22.7340
7721,0.2170,0.2630,21.6720
7722,0.0670,0.0960,19.9110
7723,0.0000,0.0010,17.4400
7724,0.0000,0.0000,16.6960
7725,0.0000,0.0000,16.3410
7726,0.0000,0.0000,16.0060
7727,0.0000,0.0000,15.6040
7728,0.0000,0.0000,15.1700
7729,0.0000,0.0000,14.7730
7730,0.0000,0.0000,14.3680
7731,0.0000,0.0000,13.7850
7732,0.0000,0.0000,13.0780
7733,0.0000,0.0000,12.3850
7734,0.0000,0.0000,12.0220
7735,0.0000,0.0000,11.8030
7736,0.0550,0.0790,12.7470
7737,0.2820,0.3270,15.6300
7738,0.5140,0.6130,18.6810
7739,0.6470,0.8060,21.1940
7740,0.7130,0.9140,22.7740
7741,0.7320,0.9480,23.7610
7742,0.6980,0.8980,24.1440
7743,0.6100,0.7650,23.9260
7744,0.4570,0.5540,23.2660
7745,0.2340,0.2820,22.1080
7746,0.0530,0.0810,20.1410
7747,0.0000,0.0010,17.8600
7748,0.0000,0.0000,17.2440
7749,0.0000,0.0000,16.8630
7750,0.0000,0.0000,16.5540
7751,0.0000,0.0000,16.2260
7752,0.0000,0.0000,15.8300
7753,0.0000,0.0000,15.5290
7754,0.0000,0.0000,15.2200
7755,0.0000,0.0000,14.8990
7756,0.0000,0.0000,14.5940
7757,0.0000,0.0000,14.1850
7758,0.0000,0.0000,13.8030
7759,0.0000,0.0000,13.5840
7760,0.0290,0.0510,14.0950
7761,0.1590,0.1930,15.9190
7762,0.3100,0.3640,18.2720
7763,0.4280,0.5090,20.3640
7764,0.5170,0.6290,21.9680
7765,0.5500,0.6760,22.9960
7766,0.5340,0.6570,23.4720
7767,0.4500,0.5460,23.2700
7768,0.3310,0.3970,22.6180
7769,0.1980,0.2410,21.5920
7770,0.0560,0.0830,19.7670
7771,0.0000,0.0010,17.3860
7772,0.0000,0.0000,16.5280
7773,0.0000,0.0000,16.1350
7774,0.0000,0.0000,15.8930
7775,0.0000,0.0000,15.5920
7776,0.0000,0.0000,15.4080
7777,0.0000,0.0000,15.2970
7778,0.0000,0.0000,14.9830
7779,0.0000,0.0000,14.7030
7780,0.0000,0.0000,14.3780
7781,0.0000,0.0000,13.9410
7782,0.0000,0.0000,13.4160
7783,0.0000,0.0000,12.9240
7784,0.0390,0.0630,13.3720
7785,0.2440,0.2860,16.3850
7786,0.4420,0.5240,19.3550
7787,0.5740,0.7040,21.7420
7788,0.6370,0.8010,23.3250
7789,0.6500,0.8250,24.2790
7790,0.5770,0.7200,24.5030
7791,0.4620,0.5630,24.1650
7792,0.3370,0.4050,23.3980
7793,0.2070,0.2520,22.3010
7794,0.0570,0.0850,20.2830
7795,0.0000,0.0010,17.8930
7796,0.0000,0.0000,16.8840
7797,0.0000,0.0000,16.2560
7798,0.0000,0.0000,15.9540
7799,0.0000,0.0000,15.6890
7800,0.0000,0.0000,15.4990
7801,0.0000,0.0000,15.1110
7802,0.0000,0.0000,14.4770
7803,0.0000,0.0000,13.8000
7804,0.0000,0.0000,13.2660
7805,0.0000,0.0000,12.9560
7806,0.0000,0.0000,12.7560
7807,0.0000,0.0000,12.5480
7808,0.0210,0.0420,13.0290
7809,0.1630,0.1970,16.0790
7810,0.3510,0.4130,19.0810
7811,0.5180,0.6280,21.5580
7812,0.6100,0.7610,23.2300
7813,0.6300,0.7950,24.2000
7814,0.5720,0.7120,24.4660
7815,0.4420,0.5360,23.9140
7816,0.2700,0.3250,22.7850
7817,0.1310,0.1670,21.2640
7818,0.0300,0.0530,19.0620
7819,0.0000,0.0000,16.8680
7820,0.0000,0.0000,16.2940
7821,0.0000,0.0000,16.0050
7822,0.0000,0.0000,15.5090
7823,0.0000,0.0000,15.0510
7824,0.0000,0.0000,14.6930
7825,0.0000,0.0000,14.3610
7826,0.0000,0.0000,13.9340
7827,0.0000,0.0000,13.2620
7828,0.0000,0.0000,12.7710
7829,0.0000,0.0000,12.3110
7830,0.0000,0.0000,11.8730
7831,0.0000,0.0000,11.4920
7832,0.0470,0.0720,12.0780
7833,0.2640,0.3070,15.7350
7834,0.4710,0.5590,18.9480
7835,0.6110,0.7560,21.5710
7836,0.6910,0.8820,23.3040
7837,0.7080,0.9150,24.4270
7838,0.6700,0.8590,24.9290
7839,0.5730,0.7160,24.8710
7840,0.4200,0.5090,24.3060
7841,0.2320,0.2810,23.1980
7842,0.0640,0.0920,20.8770
7843,0.0000,0.0010,18.0860
7844,0.0000,0.0000,16.7900
7845,0.0000,0.0000,16.2590
7846,0.0000,0.0000,15.5780
7847,0.0000,0.0000,14.8490
7848,0.0000,0.0000,14.1430
7849,0.0000,0.0000,13.5520
7850,0.0000,0.0000,13.2380
7851,0.0000,0.0000,13.2490
7852,0.0000,0.0000,13.1410
7853,0.0000,0.0000,12.9430
7854,0.0000,0.0000,12.8680
7855,0.0000,0.0000,12.8350
7856,0.0170,0.0370,13.3390
7857,0.1570,0.1890,15.4720
7858,0.3760,0.4400,18.2440
7859,0.5600,0.6830,21.0520
7860,0.6610,0.8350,22.8490
7861,0.6760,0.8620,23.7190
7862,0.6230,0.7850,24.0400
7863,0.5230,0.6430,23.9140
7864,0.3640,0.4370,23.3830
7865,0.1820,0.2240,22.2930
7866,0.0410,0.0660,20.0820
7867,0.0000,0.0000,17.7920
7868,0.0000,0.0000,17.1330
7869,0.0000,0.0000,16.5570
7870,0.0000,0.0000,16.1130
7871,0.0000,0.0000,15.5460
7872,0.0000,0.0000,14.7990
7873,0.0000,0.0000,14.0710
7874,0.0000,0.0000,13.5060
7875,0.0000,0.0000,13.1050
7876,0.0000,0.0000,12.8190
7877,0.0000,0.0000,12.5900
7878,0.0000,0.0000,12.3510
7879,0.0000,0.0000,12.1360
7880,0.0560,0.0800,12.6540
7881,0.2910,0.3380,15.9540
7882,0.5020,0.6000,19.3130
7883,0.6440,0.8050,22.0840
7884,0.7240,0.9360,23.7940
7885,0.7480,0.9810,24.8230
7886,0.7140,0.9280,25.1600
7887,0.6190,0.7820,24.8460
7888,0.4350,0.5280,23.9390
7889,0.2010,0.2450,22.3890
7890,0.0420,0.0670,20.0030
7891,0.0000,0.0000,17.4480
7892,0.0000,0.0000,16.5010
7893,0.0000,0.0000,15.8040
7894,0.0000,0.0000,15.0480
7895,0.0000,0.0000,14.2900
7896,0.0000,0.0000,13.7690
7897,0.0000,0.0000,13.5800
7898,0.0000,0.0000,13.4710
7899,0.0000,0.0000,13.2910
7900,0.0000,0.0000,13.1240
7901,0.0000,0.0000,12.9660
7902,0.0000,0.0000,12.7670
7903,0.0000,0.0000,12.5140
7904,0.0380,0.0620,13.0530
7905,0.2360,0.2760,15.8780
7906,0.4980,0.5940,18.9250
7907,0.6500,0.8100,21.0970
7908,0.7320,0.9420,22.5810
7909,0.7600,0.9910,23.4970
7910,0.7370,0.9570,23.8980
7911,0.6480,0.8200,23.7610
7912,0.5100,0.6220,23.2180
7913,0.3220,0.3840,22.1600
7914,0.1130,0.1470,20.1350
7915,0.0000,0.0010,16.8320
7916,0.0000,0.0000,15.8210
7917,0.0000,0.0000,15.3420
7918,0.0000,0.0000,14.8300
7919,0.0000,0.0000,14.3640
7920,0.0000,0.0000,13.7770
7921,0.0000,0.0000,13.3000
7922,0.0000,0.0000,12.8830
7923,0.0000,0.0000,12.5670
7924,0.0000,0.0000,12.4030
7925,0.0000,0.0000,12.0210
7926,0.0000,0.0000,11.7260
7927,0.0000,0.0000,11.4840
7928,0.0680,0.0940,12.4990
7929,0.3110,0.3610,16.4280
7930,0.5210,0.6270,20.1560
7931,0.6570,0.8290,22.9060
7932,0.7370,0.9610,24.4960
7933,0.7700,1.0210,25.4740
7934,0.7500,0.9900,25.9010
7935,0.6820,0.8810,25.8510
7936,0.5590,0.6990,25.4220
7937,0.3830,0.4640,24.3270
7938,0.1590,0.1980,21.5460
7939,0.0000,0.0000,17.9210
7940,0.0000,0.0000,16.9160
7941,0.0000,0.0000,16.2430
7942,0.0000,0.0000,15.4480
7943,0.0000,0.0000,14.8740
7944,0.0000,0.0000,14.6330
7945,0.0000,0.0000,14.3160
7946,0.0000,0.0000,13.8100
7947,0.0000,0.0000,13.2320
7948,0.0000,0.0000,12.5570
7949,0.0000,0.0000,11.9360
7950,0.0000,0.0000,11.4370
7951,0.0000,0.0000,11.1610
7952,0.0750,0.1010,11.9920
7953,0.3330,0.3860,15.8500
7954,0.5380,0.6460,19.1960
7955,0.6750,0.8500,21.7640
7956,0.7540,0.9830,23.6640
7957,0.7800,1.0340,24.9640
7958,0.7590,1.0040,25.6620
7959,0.6900,0.8940,25.7460
7960,0.5680,0.7100,25.3150
7961,0.3930,0.4760,24.2280
7962,0.1690,0.2090,21.3430
7963,0.0000,0.0000,18.3740
7964,0.0000,0.0000,17.9470
7965,0.0000,0.0000,17.8450
7966,0.0000,0.0000,16.7720
7967,0.0000,0.0000,15.8070
7968,0.0000,0.0000,15.0350
7969,0.0000,0.0000,14.2360
7970,0.0000,0.0000,13.4860
7971,0.0000,0.0000,12.9680
7972,0.0000,0.0000,12.6670
7973,0.0000,0.0000,12.4520
7974,0.0000,0.0000,12.3600
7975,0.0000,0.0000,12.3010
7976,0.0830,0.1090,13.0670
7977,0.3290,0.3830,16.9230
7978,0.5250,0.6340,20.4220
7979,0.6580,0.8300,22.9370
7980,0.7350,0.9580,24.6250
7981,0.7610,1.0080,25.6610
7982,0.7380,0.9720,26.1440
7983,0.6570,0.8450,26.0400
7984,0.5090,0.6300,25.3610
7985,0.2980,0.3600,24.0720
7986,0.0860,0.1170,21.7690
7987,0.0000,0.0000,19.0870
7988,0.0000,0.0000,18.2830
7989,0.0000,0.0000,17.5040
7990,0.0000,0.0000,16.5640
7991,0.0000,0.0000,15.5380
7992,0.0000,0.0000,14.7170
7993,0.0000,0.0000,14.0980
7994,0.0000,0.0000,13.5840
7995,0.0000,0.0000,13.1890
7996,0.0000,0.0000,12.9580
7997,0.0000,0.0000,12.8350
7998,0.0000,0.0000,12.5000
7999,0.0000,0.0000,12.0300
8000,0.0280,0.0500,12.4320
8001,0.1850,0.2210,16.0200
8002,0.3600,0.4240,19.1320
8003,0.4970,0.6020,21.9570
8004,0.5680,0.7050,23.8540
8005,0.5890,0.7400,25.1030
8006,0.5390,0.6720,25.6880
8007,0.4560,0.5610,25.7520
8008,0.3210,0.3890,25.3330
8009,0.1710,0.2130,24.2600
8010,0.0410,0.0670,21.1230
8011,0.0000,0.0000,18.6430
8012,0.0000,0.0000,17.7210
8013,0.0000,0.0000,16.9040
8014,0.0000,0.0000,16.1370
8015,0.0000,0.0000,15.2220
8016,0.0000,0.0000,14.2890
8017,0.0000,0.0000,13.4450
8018,0.0000,0.0000,12.7680
8019,0.0000,0.0000,12.2040
8020,0.0000,0.0000,11.7410
8021,0.0000,0.0000,11.3290
8022,0.0000,0.0000,10.9530
8023,0.0000,0.0000,10.6110
8024,0.0510,0.0750,11.4030
8025,0.2870,0.3330,15.8470
8026,0.5020,0.6020,19.8050
8027,0.6480,0.8180,23.2850
8028,0.7310,0.9570,25.4200
8029,0.7600,1.0120,26.7080
8030,0.7360,0.9770,27.3300
8031,0.6620,0.8590,27.3650
8032,0.5320,0.6660,26.7640
8033,0.3390,0.4110,25.1480
8034,0.1070,0.1410,21.5930
8035,0.0000,0.0000,17.9130
8036,0.0000,0.0000,17.2520
8037,0.0000,0.0000,16.5650
8038,0.0000,0.0000,15.7150
8039,0.0000,0.0000,15.1460
8040,0.0000,0.0000,14.6400
8041,0.0000,0.0000,14.3400
8042,0.0000,0.0000,14.0700
8043,0.0000,0.0000,13.5450
8044,0.0000,0.0000,12.8400
8045,0.0000,0.0000,12.0020
8046,0.0000,0.0000,11.4650
8047,0.0000,0.0000,11.1920
8048,0.0510,0.0750,11.8050
8049,0.3010,0.3470,14.7190
8050,0.5240,0.6230,17.8260
8051,0.6690,0.8360,20.7270
8052,0.7510,0.9730,22.7850
8053,0.7790,1.0270,24.0890
8054,0.7590,0.9980,24.7390
8055,0.6920,0.8920,24.7380
8056,0.5720,0.7120,24.2320
8057,0.3950,0.4750,23.0640
8058,0.1690,0.2070,20.1120
8059,0.0000,0.0000,16.4040
8060,0.0000,0.0000,15.4080
8061,0.0000,0.0000,14.5090
8062,0.0000,0.0000,13.7260
8063,0.0000,0.0000,13.2620
8064,0.0000,0.0000,12.5020
8065,0.0000,0.0000,11.6140
8066,0.0000,0.0000,11.2070
8067,0.0000,0.0000,10.8070
8068,0.0000,0.0000,10.4590
8069,0.0000,0.0000,10.1370
8070,0.0000,0.0000,9.7660
8071,0.0000,0.0000,9.3620
8072,0.0810,0.1060,9.9470
8073,0.3390,0.3900,14.1980
8074,0.5420,0.6480,17.9760
8075,0.6780,0.8490,20.7830
8076,0.7550,0.9800,22.7370
8077,0.7800,1.0300,24.2020
8078,0.7580,0.9980,25.0530
8079,0.6870,0.8870,25.3310
8080,0.5640,0.7040,25.0440
8081,0.3850,0.4650,23.8970
8082,0.1580,0.1960,20.8270
8083,0.0000,0.0000,17.1600
8084,0.0000,0.0000,16.2210
8085,0.0000,0.0000,15.8330
8086,0.0000,0.0000,15.4460
8087,0.0000,0.0000,14.9900
8088,0.0000,0.0000,14.1640
8089,0.0000,0.0000,13.3110
8090,0.0000,0.0000,12.5810
8091,0.0000,0.0000,11.8510
8092,0.0000,0.0000,11.3480
8093,0.0000,0.0000,11.0050
8094,0.0000,0.0000,10.6450
8095,0.0000,0.0000,10.1590
8096,0.0790,0.1050,10.4380
8097,0.3340,0.3840,14.5050
8098,0.5400,0.6460,18.2480
8099,0.6760,0.8480,21.0370
8100,0.7540,0.9790,22.9960
8101,0.7800,1.0300,24.3660
8102,0.7580,0.9980,25.1340
8103,0.6870,0.8850,25.2710
8104,0.5630,0.7020,24.8430
8105,0.3840,0.4640,23.6670
8106,0.1580,0.1950,20.7980
8107,0.0000,0.0000,17.4010
8108,0.0000,0.0000,15.9490
8109,0.0000,0.0000,15.1530
8110,0.0000,0.0000,14.7600
8111,0.0000,0.0000,13.8430
8112,0.0000,0.0000,13.4010
8113,0.0000,0.0000,13.2440
8114,0.0000,0.0000,12.8290
8115,0.0000,0.0000,12.4800
8116,0.0000,0.0000,12.0510
8117,0.0000,0.0000,11.5380
8118,0.0000,0.0000,11.0910
8119,0.0000,0.0000,10.7210
8120,0.0740,0.1000,11.1710
8121,0.3280,0.3790,14.7050
8122,0.5350,0.6380,17.8800
8123,0.6720,0.8400,20.6460
8124,0.7510,0.9710,22.4650
8125,0.7800,1.0270,23.7400
8126,0.7590,0.9950,24.4480
8127,0.6880,0.8830,24.5500
8128,0.5630,0.6990,24.2410
8129,0.3840,0.4620,23.3130
8130,0.1570,0.1940,20.3620
8131,0.0000,0.0000,16.8840
8132,0.0000,0.0000,16.1410
8133,0.0000,0.0000,15.4150
8134,0.0000,0.0000,14.7710
8135,0.0000,0.0000,14.0590
8136,0.0000,0.0000,13.5570
8137,0.0000,0.0000,12.9230
8138,0.0000,0.0000,12.0390
8139,0.0000,0.0000,11.3300
8140,0.0000,0.0000,10.9230
8141,0.0000,0.0000,10.5910
8142,0.0000,0.0000,10.3520
8143,0.0000,0.0000,10.0590
8144,0.0760,0.1010,10.5780
8145,0.3290,0.3780,14.3410
8146,0.5360,0.6390,17.9890
8147,0.6760,0.8490,21.2630
8148,0.7540,0.9820,23.4370
8149,0.7810,1.0360,24.9890
8150,0.7590,1.0060,25.9610
8151,0.6890,0.8950,26.3010
8152,0.5660,0.7120,26.1140
8153,0.3900,0.4730,24.9610
8154,0.1660,0.2050,21.2150
8155,0.0000,0.0000,16.9680
8156,0.0000,0.0000,16.0330
8157,0.0000,0.0000,15.5960
8158,0.0000,0.0000,14.3950
8159,0.0000,0.0000,13.3110
8160,0.0000,0.0000,12.6260
8161,0.0000,0.0000,12.1950
8162,0.0000,0.0000,11.4750
8163,0.0000,0.0000,10.7520
8164,0.0000,0.0000,10.1770
8165,0.0000,0.0000,9.5550
8166,0.0000,0.0000,8.9940
8167,0.0000,0.0000,8.5970
8168,0.0660,0.0910,9.2400
8169,0.3330,0.3790,12.5920
8170,0.5530,0.6560,16.3800
8171,0.6910,0.8610,19.2840
8172,0.7690,0.9930,21.3670
8173,0.7940,1.0440,22.8860
8174,0.7710,1.0130,23.7970
8175,0.7010,0.9010,24.0550
8176,0.5770,0.7180,23.8080
8177,0.3990,0.4790,22.8070
8178,0.1730,0.2120,19.6730
8179,0.0000,0.0000,16.3320
8180,0.0000,0.0000,16.0610
8181,0.0000,0.0000,15.3300
8182,0.0000,0.0000,14.0290
8183,0.0000,0.0000,13.2200
8184,0.0000,0.0000,12.4750
8185,0.0000,0.0000,11.5480
8186,0.0000,0.0000,10.5930
8187,0.0000,0.0000,9.7490
8188,0.0000,0.0000,9.1350
8189,0.0000,0.0000,8.5690
8190,0.0000,0.0000,8.1890
8191,0.0000,0.0000,8.0110
8192,0.0840,0.1090,8.8320
8193,0.3410,0.3900,13.5260
8194,0.5440,0.6480,17.5170
8195,0.6770,0.8480,20.6550
8196,0.7540,0.9770,22.7510
8197,0.7780,1.0270,24.1850
8198,0.7560,0.9940,24.9730
8199,0.6850,0.8820,25.1640
8200,0.5610,0.7000,24.8470
8201,0.3830,0.4620,23.6170
8202,0.1570,0.1940,20.1160
8203,0.0000,0.0000,16.2360
8204,0.0000,0.0000,15.5140
8205,0.0000,0.0000,15.0330
8206,0.0000,0.0000,14.5600
8207,0.0000,0.0000,14.1150
8208,0.0000,0.0000,13.5990
8209,0.0000,0.0000,13.0700
8210,0.0000,0.0000,12.3360
8211,0.0000,0.0000,11.6200
8212,0.0000,0.0000,11.1440
8213,0.0000,0.0000,10.7730
8214,0.0000,0.0000,10.4840
8215,0.0000,0.0000,10.3470
8216,0.0680,0.0920,10.8920
8217,0.3220,0.3710,14.6310
8218,0.5260,0.6270,18.2190
8219,0.6610,0.8260,21.1830
8220,0.7400,0.9560,22.8630
8221,0.7670,1.0060,23.9280
8222,0.7450,0.9730,24.4560
8223,0.6730,0.8610,24.4130
8224,0.5480,0.6780,23.9290
8225,0.3660,0.4390,22.7690
8226,0.1340,0.1690,19.6550
8227,0.0000,0.0000,15.7120
8228,0.0000,0.0000,14.8390
8229,0.0000,0.0000,14.3860
8230,0.0000,0.0000,13.8300
8231,0.0000,0.0000,13.3060
8232,0.0000,0.0000,12.8880
8233,0.0000,0.0000,12.5960
8234,0.0000,0.0000,12.4030
8235,0.0000,0.0000,12.1720
8236,0.0000,0.0000,11.8530
8237,0.0000,0.0000,11.3240
8238,0.0000,0.0000,10.6370
8239,0.0000,0.0000,9.7900
8240,0.0720,0.0980,9.9660
8241,0.3290,0.3780,14.3820
8242,0.5310,0.6350,18.4070
8243,0.6620,0.8290,21.5010
8244,0.7310,0.9440,23.2190
8245,0.7500,0.9810,24.3360
8246,0.7310,0.9530,24.9190
8247,0.6630,0.8480,24.9670
8248,0.5400,0.6680,24.5610
8249,0.3550,0.4270,23.3310
8250,0.1180,0.1520,19.7500
8251,0.0000,0.0000,15.8590
8252,0.0000,0.0000,15.5970
8253,0.0000,0.0000,14.8230
8254,0.0000,0.0000,13.6460
8255,0.0000,0.0000,12.5530
8256,0.0000,0.0000,11.7200
8257,0.0000,0.0000,11.0160
8258,0.0000,0.0000,10.3020
8259,0.0000,0.0000,9.9050
8260,0.0000,0.0000,9.6850
8261,0.0000,0.0000,9.4960
8262,0.0000,0.0000,9.2740
8263,0.0000,0.0000,9.1460
8264,0.0260,0.0470,9.8920
8265,0.1740,0.2060,13.1080
8266,0.3700,0.4300,16.3660
8267,0.5750,0.6960,19.1200
8268,0.7090,0.8960,21.0200
8269,0.7550,0.9760,22.2720
8270,0.7400,0.9560,22.9310
8271,0.6680,0.8460,23.0020
8272,0.5380,0.6590,22.6260
8273,0.3430,0.4080,21.6620
8274,0.0920,0.1230,19.2030
8275,0.0000,0.0000,16.0950
8276,0.0000,0.0000,15.0530
8277,0.0000,0.0000,14.0140
8278,0.0000,0.0000,13.0780
8279,0.0000,0.0000,12.3740
8280,0.0000,0.0000,11.5830
8281,0.0000,0.0000,10.9130
8282,0.0000,0.0000,10.6110
8283,0.0000,0.0000,10.5190
8284,0.0000,0.0000,10.3390
8285,0.0000,0.0000,9.9630
8286,0.0000,0.0000,9.6200
8287,0.0000,0.0000,9.2510
8288,0.0590,0.0830,9.8760
8289,0.2700,0.3110,13.6800
8290,0.4660,0.5490,17.6770
8291,0.5910,0.7250,20.7100
8292,0.6670,0.8430,22.5960
8293,0.6930,0.8880,23.8230
8294,0.6690,0.8540,24.4000
8295,0.6050,0.7600,24.4040
8296,0.4880,0.5980,24.0250
8297,0.3170,0.3800,23.0880
8298,0.0970,0.1280,20.3420
8299,0.0000,0.0000,17.5380
8300,0.0000,0.0000,16.8110
8301,0.0000,0.0000,16.0780
8302,0.0000,0.0000,15.2090
8303,0.0000,0.0000,14.3130
8304,0.0000,0.0000,13.6690
8305,0.0000,0.0000,13.2450
8306,0.0000,0.0000,12.9380
8307,0.0000,0.0000,12.6470
8308,0.0000,0.0000,12.4010
8309,0.0000,0.0000,12.0840
8310,0.0000,0.0000,11.5240
8311,0.0000,0.0000,10.8010
8312,0.0560,0.0800,10.9730
8313,0.2920,0.3390,15.4450
8314,0.5040,0.6030,19.3430
8315,0.6460,0.8080,21.9120
8316,0.7270,0.9390,23.5680
8317,0.7570,0.9940,24.7130
8318,0.7350,0.9630,25.3080
8319,0.6640,0.8510,25.3160
8320,0.5390,0.6680,24.8780
8321,0.3560,0.4280,23.7840
8322,0.1220,0.1560,20.7830
8323,0.0000,0.0000,16.9890
8324,0.0000,0.0000,15.4510
8325,0.0000,0.0000,14.8820
8326,0.0000,0.0000,13.6310
8327,0.0000,0.0000,12.4300
8328,0.0000,0.0000,11.5600
8329,0.0000,0.0000,10.8640
8330,0.0000,0.0000,10.2760
8331,0.0000,0.0000,9.7030
8332,0.0000,0.0000,9.1560
8333,0.0000,0.0000,8.6540
8334,0.0000,0.0000,8.2740
8335,0.0000,0.0000,7.9710
8336,0.0920,0.1180,8.6680
8337,0.3430,0.3930,13.7080
8338,0.5470,0.6540,17.8800
8339,0.6810,0.8560,21.0650
8340,0.7580,0.9850,22.9920
8341,0.7830,1.0340,24.2240
8342,0.7580,0.9970,24.7910
8343,0.6850,0.8800,24.7740
8344,0.5590,0.6950,24.3190
8345,0.3750,0.4500,23.1200
8346,0.1370,0.1720,19.5970
8347,0.0000,0.0000,15.9480
8348,0.0000,0.0000,15.3520
8349,0.0000,0.0000,14.9810
8350,0.0000,0.0000,14.2810
8351,0.0000,0.0000,13.5590
8352,0.0000,0.0000,13.1490
8353,0.0000,0.0000,12.8150
8354,0.0000,0.0000,12.3580
8355,0.0000,0.0000,11.6670
8356,0.0000,0.0000,10.9540
8357,0.0000,0.0000,10.3940
8358,0.0000,0.0000,9.9710
8359,0.0000,0.0000,9.8150
8360,0.0230,0.0430,10.4410
8361,0.1520,0.1830,13.2750
8362,0.4190,0.4900,17.0310
8363,0.6600,0.8210,20.5240
8364,0.7390,0.9530,22.7010
8365,0.7530,0.9820,23.8130
8366,0.7490,0.9790,24.3830
8367,0.6800,0.8710,24.3420
8368,0.5530,0.6830,23.8860
8369,0.3660,0.4380,22.7010
8370,0.1270,0.1610,19.2010
8371,0.0000,0.0000,15.0300
8372,0.0000,0.0000,14.2290
8373,0.0000,0.0000,13.8910
8374,0.0000,0.0000,13.0660
8375,0.0000,0.0000,12.2570
8376,0.0000,0.0000,11.6620
8377,0.0000,0.0000,11.2790
8378,0.0000,0.0000,11.0210
8379,0.0000,0.0000,10.7540
8380,0.0000,0.0000,10.5490
8381,0.0000,0.0000,10.4380
8382,0.0000,0.0000,10.3220
8383,0.0000,0.0000,10.2550
8384,0.0530,0.0770,10.6940
8385,0.2560,0.2960,13.8920
8386,0.4780,0.5630,17.2670
8387,0.6290,0.7750,20.0350
8388,0.7240,0.9240,21.6960
8389,0.7600,0.9880,22.8450
8390,0.7390,0.9580,23.4790
8391,0.6660,0.8450,23.5430
8392,0.5390,0.6620,23.0550
8393,0.3530,0.4210,21.9150
8394,0.1170,0.1500,19.1420
8395,0.0000,0.0000,15.1990
8396,0.0000,0.0000,14.1320
8397,0.0000,0.0000,14.0270
8398,0.0000,0.0000,13.8470
8399,0.0000,0.0000,12.9790
8400,0.0000,0.0000,11.9790
8401,0.0000,0.0000,11.0700
8402,0.0000,0.0000,10.3120
8403,0.0000,0.0000,9.6530
8404,0.0000,0.0000,9.0470
8405,0.0000,0.0000,8.7350
8406,0.0000,0.0000,8.4050
8407,0.0000,0.0000,8.0950
8408,0.0680,0.0920,9.0270
8409,0.2970,0.3410,13.3910
8410,0.4980,0.5880,17.4160
8411,0.6300,0.7760,20.1350
8412,0.7030,0.8920,21.7610
8413,0.7310,0.9410,22.8040
8414,0.7100,0.9120,23.3280
8415,0.6390,0.8040,23.3150
8416,0.5140,0.6270,22.8560
8417,0.3290,0.3930,21.9200
8418,0.0850,0.1150,19.4500
8419,0.0000,0.0000,16.7460
8420,0.0000,0.0000,16.5830
8421,0.0000,0.0000,16.2080
8422,0.0000,0.0000,15.1470
8423,0.0000,0.0000,14.6630
8424,0.0000,0.0000,13.9340
8425,0.0000,0.0000,13.4160
8426,0.0000,0.0000,12.7580
8427,0.0000,0.0000,12.1530
8428,0.0000,0.0000,11.7890
8429,0.0000,0.0000,11.4300
8430,0.0000,0.0000,10.9800
8431,0.0000,0.0000,10.5390
8432,0.0080,0.0260,10.5290
8433,0.1230,0.1520,12.0970
8434,0.3030,0.3490,14.3920
8435,0.5090,0.6010,16.9060
8436,0.6230,0.7620,19.0320
8437,0.6610,0.8220,20.4570
8438,0.6250,0.7740,21.0450
8439,0.5660,0.6910,21.0510
8440,0.4340,0.5180,20.6490
8441,0.2320,0.2770,19.5680
8442,0.0530,0.0800,17.5400
8443,0.0000,0.0000,14.5500
8444,0.0000,0.0000,13.1040
8445,0.0000,0.0000,11.7710
8446,0.0000,0.0000,10.6950
8447,0.0000,0.0000,9.9210
8448,0.0000,0.0000,9.3310
8449,0.0000,0.0000,8.8640
8450,0.0000,0.0000,8.3360
8451,0.0000,0.0000,7.9050
8452,0.0000,0.0000,7.5550
8453,0.0000,0.0000,7.2680
8454,0.0000,0.0000,7.0180
8455,0.0000,0.0000,6.8850
8456,0.0560,0.0790,7.7830
8457,0.2770,0.3160,11.5470
8458,0.5260,0.6180,15.7040
8459,0.6630,0.8170,18.7480
8460,0.7420,0.9460,20.6920
8461,0.7690,0.9960,21.9470
8462,0.7470,0.9650,22.5050
8463,0.6770,0.8560,22.4230
8464,0.5500,0.6730,21.8720
8465,0.3650,0.4330,20.6770
8466,0.1220,0.1550,17.8860
8467,0.0000,0.0000,13.6770
8468,0.0000,0.0000,12.1200
8469,0.0000,0.0000,11.1630
8470,0.0000,0.0000,10.5340
8471,0.0000,0.0000,10.0240
8472,0.0000,0.0000,9.9440
8473,0.0000,0.0000,10.1160
8474,0.0000,0.0000,10.2140
8475,0.0000,0.0000,10.0880
8476,0.0000,0.0000,9.9480
8477,0.0000,0.0000,9.8420
8478,0.0000,0.0000,9.7260
8479,0.0000,0.0000,9.6740
8480,0.0080,0.0250,10.2230
8481,0.0930,0.1190,12.6220
8482,0.2250,0.2630,15.5050
8483,0.3890,0.4560,17.9450
8484,0.4660,0.5550,19.5280
8485,0.4080,0.4840,20.0450
8486,0.3340,0.3950,19.9800
8487,0.2800,0.3310,19.7280
8488,0.2130,0.2560,19.4380
8489,0.1080,0.1400,18.6520
8490,0.0150,0.0360,16.8850
8491,0.0000,0.0000,15.7370
8492,0.0000,0.0000,15.1350
8493,0.0000,0.0000,13.9990
8494,0.0000,0.0000,13.3590
8495,0.0000,0.0000,12.8790
8496,0.0000,0.0000,12.2660
8497,0.0000,0.0000,11.8140
8498,0.0000,0.0000,11.3540
8499,0.0000,0.0000,11.0160
8500,0.0000,0.0000,10.8360
8501,0.0000,0.0000,10.5870
8502,0.0000,0.0000,10.0890
8503,0.0000,0.0000,9.7410
8504,0.0630,0.0870,10.2540
8505,0.2830,0.3260,13.9530
8506,0.4420,0.5170,16.9760
8507,0.4940,0.5880,18.8930
8508,0.5720,0.6970,20.3510
8509,0.6330,0.7880,21.4830
8510,0.5800,0.7140,21.7980
8511,0.4190,0.5000,21.2770
8512,0.2410,0.2890,20.3870
8513,0.1010,0.1320,19.3870
8514,0.0200,0.0420,17.8200
8515,0.0000,0.0000,16.2250
8516,0.0000,0.0000,16.0470
8517,0.0000,0.0000,14.9890
8518,0.0000,0.0000,13.8160
8519,0.0000,0.0000,13.1060
8520,0.0000,0.0000,12.4440
8521,0.0000,0.0000,12.0710
8522,0.0000,0.0000,11.7180
8523,0.0000,0.0000,11.3530
8524,0.0000,0.0000,11.0210
8525,0.0000,0.0000,10.6980
8526,0.0000,0.0000,10.4270
8527,0.0000,0.0000,10.1860
8528,0.0260,0.0470,10.5280
8529,0.2040,0.2390,13.1110
8530,0.4220,0.4890,15.8650
8531,0.5460,0.6540,17.9750
8532,0.6390,0.7870,19.7420
8533,0.6590,0.8210,20.8170
8534,0.6380,0.7930,21.2860
8535,0.5500,0.6700,21.1580
8536,0.3870,0.4600,20.4980
8537,0.1980,0.2390,19.3990
8538,0.0460,0.0710,17.6670
8539,0.0000,0.0000,15.4430
8540,0.0000,0.0000,14.5260
8541,0.0000,0.0000,13.4700
8542,0.0000,0.0000,12.4610
8543,0.0000,0.0000,11.8010
8544,0.0000,0.0000,11.3360
8545,0.0000,0.0000,11.0340
8546,0.0000,0.0000,10.7190
8547,0.0000,0.0000,10.3170
8548,0.0000,0.0000,9.9040
8549,0.0000,0.0000,9.5830
8550,0.0000,0.0000,9.2700
8551,0.0000,0.0000,8.9680
8552,0.0480,0.0720,9.6240
8553,0.2870,0.3300,13.7090
8554,0.5050,0.5990,17.7210
8555,0.6470,0.8010,20.3380
8556,0.7280,0.9320,22.0680
8557,0.7550,0.9810,23.2460
8558,0.7310,0.9470,23.8430
8559,0.6550,0.8290,23.8730
8560,0.5190,0.6360,23.4590
8561,0.3320,0.3980,22.4220
8562,0.1000,0.1320,19.6930
8563,0.0000,0.0000,15.9420
8564,0.0000,0.0000,15.0160
8565,0.0000,0.0000,14.6580
8566,0.0000,0.0000,14.3280
8567,0.0000,0.0000,13.4780
8568,0.0000,0.0000,12.7420
8569,0.0000,0.0000,12.4400
8570,0.0000,0.0000,12.1620
8571,0.0000,0.0000,11.5640
8572,0.0000,0.0000,11.0450
8573,0.0000,0.0000,10.6500
8574,0.0000,0.0000,10.1640
8575,0.0000,0.0000,9.6230
8576,0.0740,0.1000,9.7790
8577,0.3200,0.3680,14.2350
8578,0.5210,0.6200,18.1010
8579,0.6560,0.8170,20.6860
8580,0.7340,0.9440,22.4500
8581,0.7610,0.9930,23.5410
8582,0.7380,0.9610,24.0890
8583,0.6670,0.8500,24.0590
8584,0.5420,0.6690,23.6210
8585,0.3590,0.4290,22.6320
8586,0.1210,0.1550,19.6410
8587,0.0000,0.0000,15.5830
8588,0.0000,0.0000,14.4740
8589,0.0000,0.0000,14.0270
8590,0.0000,0.0000,13.4160
8591,0.0000,0.0000,12.7060
8592,0.0000,0.0000,12.1080
8593,0.0000,0.0000,11.7000
8594,0.0000,0.0000,11.3710
8595,0.0000,0.0000,10.9990
8596,0.0000,0.0000,10.6700
8597,0.0000,0.0000,10.2520
8598,0.0000,0.0000,9.8130
8599,0.0000,0.0000,9.2890
8600,0.0750,0.1010,9.3800
8601,0.3220,0.3700,13.9650
8602,0.5220,0.6220,18.1360
8603,0.6570,0.8190,20.8710
8604,0.7350,0.9470,22.6660
8605,0.7590,0.9930,23.9210
8606,0.7310,0.9520,24.5750
8607,0.6580,0.8390,24.6020
8608,0.5250,0.6470,24.0650
8609,0.3280,0.3930,22.9130
8610,0.0960,0.1270,19.9410
8611,0.0000,0.0000,16.4950
8612,0.0000,0.0000,15.8690
8613,0.0000,0.0000,15.6460
8614,0.0000,0.0000,15.1730
8615,0.0000,0.0000,14.1810
8616,0.0000,0.0000,13.5520
8617,0.0000,0.0000,13.1260
8618,0.0000,0.0000,12.6370
8619,0.0000,0.0000,11.9440
8620,0.0000,0.0000,11.5210
8621,0.0000,0.0000,11.0470
8622,0.0000,0.0000,10.0690
8623,0.0000,0.0000,9.4890
8624,0.0400,0.0630,10.2480
8625,0.2160,0.2530,14.0900
8626,0.4730,0.5580,17.7630
8627,0.6430,0.7980,20.7070
8628,0.7200,0.9240,22.6360
8629,0.7440,0.9670,23.8800
8630,0.7220,0.9370,24.5480
8631,0.6480,0.8250,24.5930
8632,0.5140,0.6330,24.1740
8633,0.3260,0.3900,23.1430
8634,0.0950,0.1260,20.2270
8635,0.0000,0.0000,16.6230
8636,0.0000,0.0000,15.8050
8637,0.0000,0.0000,15.3300
8638,0.0000,0.0000,14.9840
8639,0.0000,0.0000,14.4730
8640,0.0000,0.0000,13.9170
8641,0.0000,0.0000,13.4060
8642,0.0000,0.0000,12.7520
8643,0.0000,0.0000,11.8440
8644,0.0000,0.0000,11.3780
8645,0.0000,0.0000,11.1390
8646,0.0000,0.0000,10.9230
8647,0.0000,0.0000,10.6960
8648,0.0630,0.0880,11.2530
8649,0.2970,0.3430,14.6890
8650,0.5050,0.5990,18.0130
8651,0.6390,0.7920,20.8360
8652,0.7120,0.9110,22.6480
8653,0.7350,0.9540,23.9390
8654,0.7120,0.9230,24.6540
8655,0.6410,0.8130,24.7110
8656,0.5080,0.6240,24.1760
8657,0.3100,0.3720,22.9690
8658,0.0860,0.1170,20.3330
8659,0.0000,0.0000,16.5290
8660,0.0000,0.0000,15.3010
8661,0.0000,0.0000,14.5290
8662,0.0000,0.0000,14.0240
8663,0.0000,0.0000,13.7410
8664,0.0000,0.0000,13.5330
8665,0.0000,0.0000,13.2440
8666,0.0000,0.0000,12.7130
8667,0.0000,0.0000,12.0720
8668,0.0000,0.0000,11.6030
8669,0.0000,0.0000,11.4170
8670,0.0000,0.0000,11.1110
8671,0.0000,0.0000,10.7080
8672,0.0500,0.0740,10.9650
8673,0.2440,0.2840,14.4060
8674,0.4440,0.5230,17.9010
8675,0.5810,0.7090,20.4830
8676,0.6500,0.8160,22.2610
8677,0.6540,0.8250,23.2570
8678,0.6450,0.8150,23.7040
8679,0.6050,0.7570,23.7560
8680,0.4490,0.5430,23.0970
8681,0.1550,0.1940,21.3890
8682,0.0230,0.0450,18.5960
8683,0.0000,0.0000,16.0380
8684,0.0000,0.0000,15.2970
8685,0.0000,0.0000,15.1710
8686,0.0000,0.0000,14.8160
8687,0.0000,0.0000,14.1800
8688,0.0000,0.0000,13.7550
8689,0.0000,0.0000,13.6050
8690,0.0000,0.0000,13.2810
8691,0.0000,0.0000,12.8310
8692,0.0000,0.0000,12.6340
8693,0.0000,0.0000,12.4540
8694,0.0000,0.0000,12.2090
8695,0.0000,0.0000,11.9630
8696,0.0100,0.0290,12.0810
8697,0.1090,0.1390,14.3470
8698,0.2360,0.2780,16.8400
8699,0.4630,0.5520,19.8760
8700,0.6600,0.8290,22.2830
8701,0.6920,0.8850,23.4940
8702,0.6150,0.7710,23.7490
8703,0.4800,0.5830,23.2030
8704,0.2990,0.3570,22.1220
8705,0.1440,0.1800,20.8670
8706,0.0310,0.0550,18.8850
8707,0.0000,0.0000,16.5960
8708,0.0000,0.0000,15.9550
8709,0.0000,0.0000,15.4710
8710,0.0000,0.0000,15.0740
8711,0.0000,0.0000,14.6080
8712,0.0000,0.0000,14.1800
8713,0.0000,0.0000,13.9480
8714,0.0000,0.0000,13.5580
8715,0.0000,0.0000,12.7480
8716,0.0000,0.0000,11.7510
8717,0.0000,0.0000,11.0050
8718,0.0000,0.0000,10.6000
8719,0.0000,0.0000,10.1840
8720,0.0750,0.1010,10.6300
8721,0.3210,0.3710,15.0220
8722,0.5180,0.6190,18.4700
8723,0.6520,0.8110,20.8090
8724,0.7290,0.9360,22.4750
8725,0.7540,0.9830,23.6220
8726,0.7310,0.9490,24.2610
8727,0.6580,0.8370,24.4000
8728,0.5300,0.6530,23.9860
8729,0.3350,0.4010,22.9300
8730,0.1040,0.1360,20.2350
8731,0.0000,0.0000,16.3260
8732,0.0000,0.0000,15.3080
8733,0.0000,0.0000,14.9800
8734,0.0000,0.0000,14.7550
8735,0.0000,0.0000,14.3860
8736,0.0000,0.0000,13.3800
8737,0.0000,0.0000,12.0690
8738,0.0000,0.0000,11.4750
8739,0.0000,0.0000,11.2740
8740,0.0000,0.0000,10.9380
8741,0.0000,0.0000,10.3630
8742,0.0000,0.0000,9.8720
8743,0.0000,0.0000,9.6280
8744,0.0690,0.0930,10.3970
8745,0.3120,0.3590,14.3730
8746,0.5150,0.6130,18.0440
8747,0.6560,0.8170,20.6480
8748,0.7340,0.9440,22.5480
8749,0.7590,0.9930,23.9140
8750,0.7360,0.9600,24.6920
8751,0.6650,0.8510,24.8460
8752,0.5390,0.6670,24.5350
8753,0.3570,0.4290,23.6340
8754,0.1180,0.1520,20.6610
8755,0.0000,0.0000,16.5810
8756,0.0000,0.0000,16.3730
8757,0.0000,0.0000,16.0720
8758,0.0000,0.0000,15.2810
8759,0.0000,0.0000,14.1770
8760,0.0000,0.0000,12.7770
